translated_sentences,natural_sentences,labels
고품질의 제품! 지금까지 나는 불평할 것이 없습니다. 매우 빠르고 안정적이며 컴팩트합니다.,,1
훌륭한 기계. 시스템의 충전 속도는 매우 빠릅니다. 집에서 샀어요.,,1
훌륭한 제품. 작은 크기. 매우 빠르다. 내 일상 업무에 충분합니다.,,1
내가 여기서 물건을 산 것은 이번이 처음이다. 모든 것이 순조롭다. 지금까지 모든 것이 문제없다.,,1
조용하고 컴팩트하며 뛰어난 성능으로 비디오 시청 및 웹 탐색에 적합합니다.,,1
좋아! 7 일 배달! 품질에 매우 만족합니다.,,1
이미 오래된 9300 S 와 비교할 때 성능은 비슷합니다. 확실히 추천.,,1
좋아요. 매우 조용히 작동합니다.,,1
"명령은 하루 전에 도착했습니다. 컴퓨터 작업, 조용하고 민첩합니다. 아직 테스트하지 않았습니다.",,1
"우수한 철분, 편안한 몸, 조용한, 일반적으로 옳은 것.",,1
"5 일 배송, 추가 보호없이 포장, 두꺼운 패키지 만. 그러나 모든 것이 전체적이고 구겨지지 않습니다. ",,1
모든 것이 훌륭하고 배달 및 압축 자체입니다!,,1
제품은 훌륭합니다. 모든 것이 작동합니다. 나는 그것을 추천.,,1
모든 것이 매우 가치가 있습니다.,,1
나는 그것을 좋아한다. 나는 그것을 내려 놓았다.,,1
배달이 빠르며 컴퓨터가 훌륭합니다.,,1
설명 된 제품,,1
"아주 빨리, 배달도.",,1
매우 빠른 배달,,1
나는 그것을 좋아했다! 모든 것이 완벽하게 작동합니다!,,1
"새로운 빌드 게시, temps는 훌륭합니다. 전반적으로, 매우 만족. 이 판매자로부터 다시 구매할 것입니다.",,1
"15 일 주문, 이틀 일찍 도착한 28 일 (주에) 도착했다. 다소 우려되는 포장은 거의 없지만 모든 것이 작동 상태입니다. ",,1
"9800x3d 는 예상대로 작동하며, 좋은 판매자는 2.5 주 만에 우크라이나에 도착했습니다.",,1
LEGIT 7800 X3D 에 대한 최고의 가격 나는 더 행복 할 수 없었다. PC에서 테스트 및 확인,,1
좋아!,,1
"아주 좋은, 일본 약 일주일",,1
그것은 좋은 제품입니다.,,1
우수한 정품 감사 판매자,,1
"구매 후 6일 만에 도착했으며, 품목의 민감함을 고려하여 적절한 포장으로 제공되었습니다. 완전히 만족",,1
"빠른 배송, 완벽하게 작동합니다",,1
원래 상자 없이 블리스터로 배송된 완벽한 구성 요소,,1
"매우 전문적이고 진지한 판매자, 적극 추천합니다.",,1
완벽한,,1
배송이 매우 빠릅니다. 비디오 카드를 기다리고 있기 때문에 CPU를 시도해야합니다. 도착하자마자 업데이트하십시오.,,1
배송 시간은 중국에 약 9 일이었습니다. 판매자는 굉장합니다. 모든 것이 훌륭하게 도착했습니다.,,1
우리는 아직 시도하지 않았습니다. 방금 도착했습니다.,,1
지금까지 너무 좋아. 오래된 i5 6500 에 비해 엄청난 성능 향상을 느낍니다.,,1
이것은 모두 설명한 바와 같이 원래의 R7 5700 H3D 입니다. 착취의 흔적은 없습니다-이것은 새로운 돌입니다!,,1
나는 솔직히 내가 총알을 물었을 때 기쁘다. ,,1
그만한 가치가있었습니다. 다시 판매자로부터 살 것입니다.🫡. 큰 chinito 재미없는,,1
"모든 것이 정상이고, 새롭고, 사용되지 않으며, 붙여 넣기의 흔적이 없습니다. 좋아, 나는 추천",,1
주문 날짜로부터 13 일 이내에 도착했습니다. 완전히 합법적 인 문제가없고 잘 포장되어 있습니다!,,1
완벽한 상태와 0 문제에 도착했습니다. 더 나은 온도를 위해 crysheet 사용,,1
CPU는 예상보다 3 일 일찍 왔으며 합법적 인 5700x3D 임을 확인할 수 있습니다.,,1
페퍼크에서 찾을 수있는 최상의 순서로 모두. 행렬은 X 혼수 상태 또는 pl에있는 다른 상점이있는 원본과 다르지 않습니다... 보장이 없지만 여관이 어렵 기 때문에 BRAC ^ ^,,1
주문은 약 3 주 후에 도착했으며 업데이트가 정사이즈. 프로세서는 포장 된 플라스틱 조개 껍질에 도착했습니다. ,,1
"프로세서가 새롭고, 그것이 우수한 상태에 있기 때문에 사용되지 않았 음을 보여줍니다. 모든 핀이 맞습니다.",,1
대한 우수한 성능을 다른 판매자에 비해 가격의 일부로 제공합니다. 배송이 빠르며 지금까지 아무런 문제없이 설치가 쉬웠습니다.,,1
아주 좋은 판매자! 매력처럼 작동합니다.,,1
Lmao 실제로 합법적 인 $140 이며 거의 7800x3d 미친 거래만큼이나 좋습니다.,,1
안전하게 아비 브. 손상이 없습니다. 잘 작동합니다. 불행히도 추적은 어딘가에서 멈추고 업데이트하지 않습니다.,,1
안전하게 얻었습니다. 새 CPU 팬을 얻은 후에 설치하겠습니다.,,1
CPU는 매우 빠른 선적과 함께 오래 전에 도착했습니다. 나는 그것이 도착했을 때 그것을 확인하는 것을 잊었다.,,1
"100% 원본, 시도하고 모든 것이 좋습니다. 유일한 단점은 내가해야 할 것보다 조금 늦게 도착한다는 것입니다.",,1
그것이 좋은 제안이라면 나는 그것을 compa를 추천.,,1
우수한 상태로 도착하고 잘 보호되지만 대기 시간은 많이 남아 있습니다.,,1
모든 코어에 30 Undervolt는 더 나은 템프와 높은 부스트 시계를 만듭니다.,,1
도착하고 완전한 기능! 이 가격에 최고의 프로세서,,1
Temps 등은 훌륭합니다. 그것이 어떻게 유지되는지 볼 것입니다.,,1
2 주 이내에 들어 와서 환상적으로 일하고 있습니다. ,,1
너무 많은 사람들이 봇이 쓴 것처럼 보이기 때문에 리뷰를 남길 것이라고 생각했습니다.,,1
완벽하고 결함이 없으며 제대로 작동합니다. 나는 예상보다 일찍 도착했다. 대단히 감사합니다.,,1
chinito machaa에서 100% 를 신뢰합니다.,,1
"최고, 큰 가치, 인장이 없다는 것은 유감입니다.",,1
며칠 일찍 도착했고 모두 위대했습니다! 감사합니다! ,,1
동해안까지 약 2 주 후에 여기에 있었고 정확히 내가 구입 한 것입니다. 확실히 정통 5700x3d.,,1
2 주 후에 도착하여 사용 된 것처럼 보였지만 완벽하게 작동합니다.,,1
좋은 가격에 아주 좋은 구성 요소 좋은 품질,,1
받았다. 순서대로 모든 것. 추천,,1
"빠른 배송, 정품 제품, 새로운 브랜드. 더 나은 것을 요구할 수 없습니다. 좋은 판매자!",,1
테스트하고 작동합니다. 0 시간 사용과 새로운 브랜드. 트럼프가 우리 PC 빌더를 망치기 전에 지금 이것들을 더 잘 얻으십시오,,1
"지연 없음, 좋은 서비스, 완벽하게 작동 매우 행복",,1
감사합니다! 완벽하게 작동합니다!,,1
"빠른, 좋은 가격, 광고 항목으로 배송. 감사합니다!",,1
결과에 대한 좋은 가격!!,,1
완벽하게 작동합니다! 이길 수 없습니다!,,1
상당히 빠른 배송 및 포장.,,1
완벽한 상태로 도착했습니다.,,1
완벽하게 일했다.,,1
그것은 확실히 새롭고이 짐승으로 내 5600x 를 바꾸는 데 15 분도 채 걸리지 않았습니다. 나중에 성능 통계로 확실히 업데이트됩니다.,,1
그것은 빨리 도착했고 문제없이 작동했습니다. 그런 높은 가치의 항목에 대해 나는 긴장했지만 모든 것이 잘되었습니다. ,,1
신뢰할 수있는 공급 업체로서 영국의 다른 사람들에게이 매장을 추천했습니다.,,1
나는 2 주 이내에 CPU를 받았다. 꽤 빠른 배송. CPU는 훌륭합니다. 나는 어떤 문제도 없었습니다. 완벽하게 실행됩니다.,,1
시간이 좀 걸렸지 만 적어도 지금은 조립하고 모든 것이 정상인지 확인할 수 있습니다.,,1
"그것은 2 주 이상 후에 왔습니다. 봉투에 플라스틱 물집에 잘 포장되어 모든 다리가 똑바로 있고 프로세서가 새로운 것 같습니다. 나는 구매에 매우 만족한다, 나는 추천!",,1
원래 프로세서는 최소한의 흠집이 있었지만 잘 포장되어 의도 한대로 작동합니다.,,1
"나는 현지에서 새로운 브랜드를 사서 이것을 샀다. 나는 CPU가 로컬보다 더 나은 성과, 온도, 그리고 어떤 이유로 더 나은 안정성",,1
추가 부가가치세 나 의무를 지불하지 않았습니다. 프로세서는 원활하게 작동합니다.,,1
"모든 것이 괜찮습니다. 프로세서 잘 포장, 그것은 아마 원래 제대로 작동합니다. 나는 추천",,1
정확히 설명 된대로였습니다. 배송은 평소보다 빨랐습니다. 벤치 마크는 훌륭했습니다!!!,,1
정품 제품. 이 CPU를 변경할 때 문제가 없습니다.,,1
중국에서 SEA까지 2 주 이내에 주문을 받았습니다. CPU를 테스트했습니다.,,1
Ryzen 5 5700X3D 는 완벽한 상태로 도착하여 완벽하게 설치되고 작동합니다.,,1
원본. 필요한만큼 작동합니다. 나는 642zl 을 지불했다. 나는 추천,,1
완벽한. 좋은 가격. 구매에 매우 만족합니다!!!,,1
아주 좋은 프로세서. 현재 AM4 에서 최고입니다. 빠른 배송. 폴란드에 14 일.,,1
미래에이 판매자로부터 다시 구입하십시오.,,1
"작동합니다!!! 믿을 수 없었습니다! Pbo2 튜너-25 낮은 온도, 포트 효율 및 더 많은 FPS!! 삶을위한 AM4!!",,1
"설명 된대로 신속하고 정확하게 수신, 훌륭한 판매자!",,1
추정 된 기간 내에 받아 들여지고 완벽한 상태의 아이템과 설명에 맞게 조정됩니다. 추천 100%,,1
우수한 제품!!! 현대적인 디자인으로 매우 가볍습니다. 두려움 없이 구매하는 것은 가치가 있다.,,1
판매자를 추천합니다.곧 창고에서 나왔어요.이 컴퓨터는 메모리와 디스크를 추가해서 아주 좋다.모든 것이 예상대로 진행되다.나는 여전히 이 제조업체로부터 제품을 주문할 것이다. 품질이 매우 좋다.,,1
"성능 측면에서 이 기계는 웹 탐색, 콘텐츠 스트리밍, 생산성 소프트웨어 실행 등 일상적인 작업을 쉽게 처리할 수 있습니다. 그러나 신뢰할 수 있는 작업자로서 의도된 사용 사례에서는 확실히 탁월합니다.",,1
보시다시피 공간을 최대한 줄여 남성 손바닥만큼 넓지만 성능은 괜찮습니다.나는 게임을 테스트하고 여러 개의 작업 인터페이스를 열었는데 아무런 문제가 없었다.나는 주로 그것으로 사무를 본다. ,,1
이 설비의 위력은 가격에서 인상적이다.나는 4K TV에서 그것을 실행하고 영화와 오래된 게임을 동시에 재생합니다.저렴한 PC를 저렴한 리소스 작업에 사용하려는 모든 사람에게 권장됩니다.,,1
"\주요 미니 PC의 백업 옵션으로 이것을 샀는데, 그 속도에 놀라웠고, 기본적인 사무 업무에서 매우 유능했으며, 유튜브 동영상을 쉽게 재생할 수 있었다.팬은 조용하게 작동합니다.\",,1
소음 조절이 아주 좋다.사무실 업무에 사용되며 게임을 하지 않을 때 팬이 거의 회전하지 않습니다.여기는 조용해서 아무 소리도 안 나요.게임을 할 때 외부 소리가 소음을 압도하기 때문에 거의 들리지 않는다.내가 예전에 사용했던 모든 노트북보다 낫다.,,1
이것은 아름답고 (또 작은) 게임용 컴퓨터입니다.나는 10대 조카에게 첫 번째 컴퓨터로 그것을 사주었다.물론 이것은 가장 높은 설정에서 모든 최신 게임을 할 수 있는 풀 기능 게임용 컴퓨터가 아니다.,,1
"물건 인도가 아주 인기가 있어, 아주 느리지 않아...한글 지원이 정확해지고...한국어는 키보드에 따로 표시되지 않지만 그대로 사용됩니다...Windows에는 Windows11이 설치되어 있습니다.",,1
나는 이 미니컴퓨터가 이중 육지 부분이 있는 것을 좋아한다.또한 인상적인 16GB 메모리를 제공합니다.Windows 11 Professional과 함께 제공됩니다.프로세서 속도가 빠르고 전반적으로 좋지 않은 것은 없습니다. ,,1
이 미니 호스트는 강력하고 컴팩트하며 휴대하기 편리합니다.일상적인 업무 및 엔터테인먼트 요구 사항을 충족할 수 있는 빠른 속도와 빠른 반응성비가 높아 살 만하다.,,1
나는 이 컴퓨터의 응답 시간이 얼마나 빠른지 정말 놀랐다.워크스테이션으로 사용하기에 적합하며 1440p 모니터를 쉽게 조작할 수 있습니다.그것은 절대로 한 푼의 가치도 있다.,,1
"설정은 아주 간단해서 아주 짧은 시간밖에 걸리지 않았다.내가 그것을 열어 깜짝 메시지를 보았을 때, 그것은 매우 귀엽다!전원 공급 장치에 연결하고 키보드 / 마우스, 스피커 및 모니터를 연결한 다음 지침을 따르기만 하면 됩니다.WiFi 연결이 원활하고 속도가 정말 빨라요!지금까지 나는 나의 구매에 매우 만족했다.",,1
외관 소재는 외관이 우아하고 촉감도 좋아 뒤처지지 않고 평소 심심할 때 컴퓨터를 켜고 영화를 보거나 게임을 할 수 있도록 지원한다.배치가 상당히 좋고 반응이 예민하며 사용이 아주 편리하고 메모리가 크며 운행속도가 빠르고 사용감이 아주 강대하고 반응이 예민하며 많은 게임효과가 뒤떨어지지 않는다!,,1
"곧 도착할 겁니다.정말 감사합니다.최대 가방을 분실하지 않은 아주 좋은 기능!! !나는 당신의 모든 친구와 구매자에게 몇 위안을 후회하지 말고 가능한 한 많은 주문을 할 것을 건의합니다, 그러나 모든 것이 훌륭할 때, 그것은 어떻게 작동합니까!! !",,1
괜찮아요. 플러그 앤 이동. 매일 사용하기에 충분히 강력합니다. 매우 작아서 TV 뒤에 놓기 쉽습니다.,,1
"\아들의 온라인 수업을 위해 이 기계를 샀는데, 잘 작동하고 있다.비슷한 가격의 다른 가정용 기계처럼 Windows 11 Pro가 있는 것을 좋아한다.Windows가 사전 설치되어 있으므로 시간이 걸리지 않습니다. \",,1
집행 속도가 매우 빠르다. 나는 스스로 게임을 하지 않는다. 주로 사무실과 연극을 추구하기 위해서이다. 나는 이런 집행 속도가 정말 비길 데 없다고 생각한다.,,1
"좋은 쇼핑 경험, 물류는 매우 빠르다, 얼굴 값도 좋은, 수업을 위해 구입, 보통 숙제를하고, 전송 속도도 매우 빠르다, 그것은 며칠이 걸렸고, 방열 성능이 좋으며, 영구적 인 현상이 없습니다.",,1
"내 비디오 및 웹 브라우징 요구를 충족합니다.브라우징 중에 사용하는 메메메모리를 설치하는 것은 쉽었습니다, ",,1
훌륭한 장치. 화면이 화면보다 선명합니다. 성능이 충분합니다. 나중에 비즈니스 사무실을 떠나는 것이 편리합니다. 배터리는 튼튼합니다.,,1
"장비는 매우 좋은 오, 화면이 화면보다 훨씬 선명하고, 성능도 충분합니다. 나중에 비즈니스 사무실 밖에서 매우 편리합니다.",,1
Windows 11과 함께 제공되는 매우 작고 낮은 전력 소비. 16GB RAM은 지연 없이 매우 빠르게 실행되며 BT 5.2/WIFI는 최신이며 잘 실행됩니다. 고화질 모니터와 함께 I9 8950HK Intel CPU를 사용하는 것은 확실히 투자할 가치가 있습니다.,,1
"이 노트북의 인터페이스는 USB 3.0 포트, 미니 HDMI 및 TF 슬롯과 같은 다양한 유용한 포트를 포함하여 다양합니다. 또한 고화질 HDMI 오디오 및 비디오 출력을 지원합니다. 이러한 기능을 통해 다양한 장치와 주변 장치를 연결하기에 다양하고 적합합니다. ",,1
가격은 매우 저렴합니다. 학생으로서 매일 드라마를보기 위해 일하는 법을 배우는 것으로 충분합니다.,,1
"먼저 Office 소프트웨어를 설치해 주신 판매자에게 감사드립니다!! 자주 여행가는 남편을 위해서라서 노트북을 샀어요. 그는 종종 Office와 Photoshop을 사용해야 하며 컴퓨터에 매우 만족합니다. 그리고 무게가 가볍고, 착용도 쉽고,",,1
"제품은 매우 좋고, 성능도 좋고, 외관은 일반적으로 초보자가 시작하기에 적합하며 키보드의 느낌도 좋으며 사무실에 적합합니다.",,1
15.6 인치 디스플레이 스크린은 진정으로 눈을 즐겁게합니다. 고화질과 밝은 색상은 모든 영화 또는 TV 시리즈를 진정한 즐거움으로 만듭니다. ,,1
"나는 절대 내 구매를 후회하지 않으며 심지어 판매자를 추천. 우리가 u를 만난다면. 그것은 유효하고, 친절하고 반응성이 있습니다. 그리고 그의 설명은 잘 설명됩니다",,1
"컴퓨터는 아름다운 외관, 강력한 기능 및 사용 감각이 뛰어납니다. 우대 가격의 노트북은 필요할 때 즉시 구입하십시오.",,1
이벤트를 조직하고 시연을하고 화상 통화를하는 데 사용하는 훌륭한 장치입니다. 일을 담당하는 주된 사람이 아니라 조수입니다. 나는 그것을 추천.,,1
품목은 매우 잘 포장되어 왔고 모든 것이 설명과 같습니다. 정말 멋진 작은 기계이고 품질이 매우 좋으며 매우 빠르게 실행됩니다. Windows 11이 사전 설치되어 있습니다. 확실히 추천할 수 있으며 판매자도 매우 만족하고 만족합니다. 감사합니다 판매자님,,1
"컴팩트하고 아름다운 치수, 자연스럽게 배치되어 공간을 차지하지 않으며 디자인은 기술 감각, 강력한 성능으로 가득 차 있습니다.",,1
"사실, 나는이 노트북의 가격에 따라 제공되는 용량과 성능에 놀랐습니다. 아름답고 슬림 할뿐만 아니라 훌륭한 카메라와 초현실적 인 사운드로 매우 빠릅니다!!! 나는 그것을 추천.",,1
메인프레임은 크기가 컴팩트하고 성능도 나쁘지 않습니다. 일상적인 사용과 가벼운 게임의 요구를 충족시키기 위해 강력한 프로세서와 그래픽 카드 구성을 갖추고 있습니다. ,,1
"냉각 성능이 좋고, 장시간 사용해도 쉽게 과열되지 않습니다.",,1
그것은 기포막으로 잘 포장되어 있다.나는 이미 며칠을 썼다.나에게 깊은 인상을 남긴 것은 그것의 부피가 더 작고 나의 무중력 배낭에 쉽게 넣을 수 있다는 것이다.평일에는 많은 이메일을 처리해야 합니다.이 키보드는 잔잔하고 유창하다.배터리는 6시간 이상 지속될 수 있으며 가열하지 않는다.,,1
"믿음직스럽고, 좋은 컴퓨터는 가격이 좋고, 재질도 좋고, 조작도 순조롭고, 나중에 친구에게 구매를 추천합니다.",,1
사용하기 쉽고 튼튼해 보입니다.그것을 사용한 지 10년이나 8년도 문제없다.나는 네가 그것을 살 것을 건의한다.,,1
"컴퓨터는 이미 받았는데, 새 것은 보기에 매우 예쁘고, 매우 얇으며, 물류 속도가 매우 빠르다.고객 서비스 응답도 빠르다.레이싱은 속도가 아주 좋고 선물이 많으며 컴퓨터가 아주 작고 스크린도 만질수 있어 휴대하기 편리하다.그것은 태블릿PC로 사용할 수 있어서 정말 편리하다!",,1
이 컴퓨터는 작업이 매우 빨라서 현재도 여전히 좋다.,,1
"전체적인 느낌도 좋고, 촉감도 좋고, 화면 비율도 높고, 구성도 좋아 구매할 만하다.",,1
"우리 아버지께 대체품으로 사 드렸는데, 그것은 품질이 아주 좋기 때문에, 나의 ""큰"" 컴퓨터보다 낫다. 운행이 아주 유창하다.pc는 절대적으로 추천합니다.",,1
"커피 한 잔이 낡은 노트북의 키보드에 쏟아진 후에, 나는 어쩔 수 없이 새 것을 한 대 샀다.나는 클릭, 탁탁 소리, 터지는 소리를 많이 들었다. 비록 그것들이 완전히 실패하지는 않았지만, 많은 응용 프로그램이 작동하지 않거나 오류를 만났다.",,1
"거래가 순조롭고 납품이 빠르다.Windows 시스템과 노트북에서 검색하는 모든 기능나는 다른 회사에서 주문했는데, 처음 며칠 동안 컴퓨터가 계속 스스로 재부팅되고 있었다.멋진 경험이 되었으면 좋겠습니다. 멋진 노트북을 사용하고 싶습니다.",,1
13살 난 아들의 낡은 노트북 (내 말은 2019년의 그 노트북) 이 마침내 고장난 후에 나는 어쩔 수 없이 그에게 새 노트북을 사주었다.나는 속매통에서 이것을 찾아서 매우 기쁘다.,,1
나는이 컴퓨터를 좋아한다. 그는 1 주일 동안 Microsoft와 함께 왔는데 더 나아졌습니다.,,1
나는 학생이다. 한동안 나는 내가 이런 물건을 살 수 있도록 돈을 저축해 왔다.그것이 도착했을 때 나는 매우 흥분했다.나는 학교와 게임에서 그것을 사용했고 잘 작동했습니다.,,1
나는 이 컴퓨터의 외관을 좋아한다.그것은 완벽하게 작동하며 아무런 문제나 육중한 소프트웨어도 없다.노트북은 배송 시간이 빠르고 포장도 튼튼합니다.,,1
컴퓨터는 묘사에 따라 전시된 것이다. 나는 반드시 말해야 한다. 현재 나는 매우 만족한다. 나는 그것이 한동안 지속될 수 있기를 바란다,,1
매우 고가의 스마트 노트북은 말할 것도 없다.,,1
빠른 배송으로 포장이 잘 되어 있습니다.절반 이상의 부하를 가지고 있으며 다운로드 된 Wi-Fi에 연결하면 업데이트되어 구성이 매우 쉽고 내비게이션에만 사용되며 매우 빠르게 시작됩니다.당신의 가격에 대해서 말하자면 아주 좋습니다.,,1
"내가 주문한 첫 번째 노트북, 나는 많은 질문을 했고, 상인은 인내심을 가지고 대답하고, 지지한다!",,1
저는 은을 좋아해요.화면이 선명하고 화질이 정말 좋아요.노트북에 적합한 옵션.,,1
나는 18 세의 딸을 위해이 노트북을 구입했습니다. 그녀는 좋아하고 잘 작동합니다. 그녀는 실수로 그것을 깨뜨 렸지만 아무런 피해를 입지 않았습니다. Windows 11은 사용하기가 매우 쉽고 가이드 아래에서 사용할 수 있습니다.,,1
이 노트북은 사용하기 쉽다.초보자 및 기본 기능을 갖춘 사용자를 위한 일상적인 요구 사항 충족,,1
15.6형 디스플레이는 활기차고 원활하게 작동하며 여러 프로그램을 실행해도 정상적으로 작동합니다.1TB SSD는 충분한 저장 공간을 제공하며 Wi-Fi는 안정적이고 빠른 연결을 보장합니다.,,1
가볍고 설치가 쉽습니다. 나는이 경량 노트북을 정말로 좋아한다. 그것은 나의 요구에 아주 잘 맞는다. 이 노트북을 친구와 가족에게 추천 할 것입니다.,,1
나는 그것이 일할 때 페이지 탐색이 뒤처지지 않는 것을 좋아한다.나는 그것이 적어도 3년 동안 정상적으로 사용되기를 바란다.백업용으로 사서 집에서만 사용했어요.그것은 아주 좋은 노트북처럼 보인다.,,1
"전체적인 느낌도 좋고, 촉감도 좋고, 화면 비율도 높고, 구성도 좋아 구매할 만하다.",,1
"아주 작은 공간을 가져 가십시오. 초고속, 매우 우수한 품질 및 매우 빠른 점화 속도 작업 비디오 게임에 이상적입니다. 추천합니다.",,1
나는 아무런 문제가 없었습니다,,1
매우 작아서 내 목적에 매우 적합합니다.,,1
지금까지 48시간밖에 못 가졌어요.나는 그것이 아주 잘 운행되고 있다고 생각한다. 정말 이 가격을 좋아한다.나는 내 아이에게 이 미니 컴퓨터를 사주고 게임기를 한 무더기 사는 것이 아니라 시뮬레이터를 설치할 것이다.,,1
나는 이 컴퓨터를 샀다. 나는 그것을 좋아한다. 그것은 평온하게 작동해서 지금까지 나는 아무런 문제도 겪지 않았다.게임과 일반 소프트웨어를 실행하는 것 외에 나는 컴퓨터에 대해 많이 알지 못한다.사용과 학습이 용이합니다.지금까지 좋은 거래였어!,,1
노트북은 약속을 이행합니다.멀티미디어 및 사무 자동화에 완벽합니다.별로 무겁지 않고 화면이 밝아서 좋아 보여요.유일한 단점은 USB 포트가 2 개밖에 없다는 것이지만 반대로 microsd 카드 리더기가 있습니다.,,1
이런 가치는 보기 드문 것이다.저는 주로 제 컴퓨터로 이메일을 보내고 받거나 인터넷에 접속하거나 PDF를 읽는 등 비고급 사용자입니다. 설정이 매우 간단하고 속도가 매우 빨라 저장 공간이 충분합니다.,,1
이 제품은 운행이 양호하다.다행히도 신체나 내부 손상 없이 무사히 도착했습니다.이것은 그것의 가격에 큰 거래입니다!감사합니다.,,1
제품 설명이 정확하며 배터리 수명은 약 4.5시간입니다. 약간의 업데이트가 필요합니다.판매자의 반응이 매우 빠르다.납품이 빠르다,,1
안타깝게도 터치패드의 마우스 버튼이 사라졌습니다.그렇지 않으면 훌륭한 장치입니다.신속한 배송정말 감사합니다.정말 감사합니다.,,1
이것은 나의 오래된 노트북의 업데이트이다.이것은 내가 스코틀랜드와 아일랜드로 가는 여행에 매우 도움이 된다.무게가 상당히 좋다.매우 얇고 가볍습니다.현재까지 접수된 민원은 없다.여행 중에 사진과 비디오를 저장하기 위해 1TB를 구입했습니다.,,1
나는 어제 방금 이것을 받았다.빠르고 설치 및 사용이 간편합니다.이것은 나의 첫 번째 노트북이다. 지금까지 나는 그것을 정말 좋아했다. 불행히도 나의 HP LaserJet 프린터는 이 컴퓨터의 호환 장치 목록에 없다.현재 새 레이저 프린터를 구입하고 있습니다.,,1
간단히 보여주기 위해 제가 가장 좋아하는 색상입니다. 나는 며칠 동안 그것을 사용하고 있으며 제품은 실제로 제품 설명 페이지와 동일합니다. 매우 사용자 친화적이며 가격은 매우 저렴합니다. 나는 만족,,1
좋아 보이는데!속도가 빨라서 빛과 등갓이 놀라워 보인다.선물 usb 보내기:) 유일한 단점은 예상보다 조금 더 오래 걸린다는 것입니다.,,1
"납품이 빠르다, 열흘.아주 작고, 밝고, 이런 프로세서.포장이 완벽하고 설치가 매우 편리하여 판매자를 추천합니다.",,1
노트북은 사용이 매우 편리하고 전송 속도가 매우 빨라 몇 초면 활성화할 수 있으며 일상적인 사무실에서 연극을 쫓는 것만으로도 충분하다.,,1
예상에 부합하다.사무 자동화를 위한 탁월한 기능,,1
"""나는 이 노트북을 샀는데, 그것은 정말 훌륭하다!""날씬하고 보기 좋고 효과도 좋아요.i7 프로세서와 16GB RAM은 일상적인 작업에 적합하며 SSD는 빠른 속도를 제공합니다.화면이 선명하고 빠른 충전이 매우 편리하다.그리고 이 가격은 매우 수지가 맞는다!",,1
나는 처음에는 약간 긴장했다. 나는 기술이고 집에 큰 작업 공간이 없기 때문에 정말 작은 것을 원했습니다. Windows 11의 열렬한 팬은 아니지만 고객 업데이트로 익숙해 져야했습니다.,,1
노트북은 아주 좋으며 제시간에 문제가 없으며 작업이 평온하고 능률적이며 포장이 량호하여 틀림없이 전지의 항속시간이 아주 길고 스크린이 아주 좋으며 키보드의 버튼이 아주 류창하여 가격이 격파할수 없다고 추천할것이다.,,1
배터리 수명이 오래된 브랜드보다 훨씬 낫습니다! 완벽한 크기!,,1
나는 나의 새 노트북을 정말 좋아한다!15.6형 화면은 내가 작업하든 탐색하든 모든 것을 쉽게 볼 수 있도록 완벽합니다.키보드 레이아웃이 매우 편안하고 배터리 수명도 상당히 안정적입니다.,,1
설정은 간단합니다. 저는 정말 은색을 좋아합니다.,,1
"모든 것이 완벽하다.그것은 이미 지정된 시간 내에 받았는데, 컴퓨터는 내가 예상한 것보다 좋고, 정상적으로 작동하며, 개인이 사용할 때 매우 조용하다.",,1
"나는 그것을 정말 좋아한다. 그것을 연 이후로, 그것은 줄곧 잘 작동하고 있다. ",,1
그것은 여전히 ​​나에게 조금 새로운 것이므로 물건을 알아 내십시오. ,,1
이 미니 컴퓨터는 보기에 괜찮다.기능이 모두 좋습니다.,,1
현재 모든 것이 정상적이고 빠르며 가볍고 배터리 수명도 충분하다.나는 그것으로 공부한다. 그것은 이것에 매우 적합하다. 물론 내가 모르는 다른 공공 사업에도 적용된다. ,,1
마더보드의 비디오 인터페이스가 고장 나서 결국 구형 타워를 교체해야 했습니다.나는 미니 컴퓨터 노선을 선택했다. 나는 내가 해냈다는 것을 매우 기쁘게 생각한다.,,1
"이렇게 작은 기계에 있어서 매우 강력하다.일도 잘하고 치밀해요.나는 그것을 매우 좋아한다!나는 주로 그것을 나의 음악 소프트웨어에 사용하는데, 그것은 평온하게 작동하고 사용하기 쉽다.",,1
이것은 종종 기대 이상의 성능을 제공하는 강력한 초소형 PC입니다.,,1
"나는 이것을 증강시킬 수 있는 어떤 것도 찾을 수 없다.그것은 너무 훌륭해서 그것을 구매하는 원인에 완전히 부합된다.사용이 간편하고 가볍습니다.어제 Word, 전자 메일 및 원격 인쇄를 사용할 수 있도록 설정했습니다.지난 몇 년 동안 새로운 노트북을 설치하는 것보다 훨씬 쉽습니다!",,1
가벼운 기본 노트북이 필요하다면이 14인치 노트북은 좋은 선택이다.특히 16GB의 RAM과 1TB의 스토리지 공간이 필요합니다.그러나 집약적인 작업을 수행하기 위해 더 큰 전력이 필요하다면 더 강력한 기계를 고려해야 할 수도 있습니다.,,1
이 컴퓨터는 개인이 사용하기에 아주 적합하다.,,1
태블릿과 모니터를 TV 모니터에 연결할 수 있는 윈도11다른 항목에 연결된 경우 직접 항목을 추가하고 조합할 수 있습니다.이 제품은 나의 많은 요구를 만족시킬 수 있다.나는 표현을 유지하기 위해 어떤 게임도 하지 않았다.,,1
"나는 이 게임을 할 줄 모르지만, 나는 글을 쓰고, 인터넷에 접속하고, 스트리밍을 하고 싶은 모든 사람에게 건의한다.사이즈 좋아요.어디든 잘 어울려요.무겁거나 무겁지 않아요.",,1
"나는 이 노트북을 정말 좋아한다.설치 과정이 간단하고 운송 속도도 빠르다나의 모든 요구를 만족시키고, 나의 일을 효과적으로 완성할 수 있다.",,1
이 컴퓨터는 아주 좋다.그것은 속도가 빠르고 표면의 질이 좋다.판매자의 반응이 매우 빠르다.,,1
"노트북은 크기와 무게가 모두 좋아 인터넷, 이메일 발송, 사진 정리 등 기본적인 가정용 컴퓨터 작업에 사용할 수 있다.중소형 게임도 할 수 있습니다.대략 3일이 걸려서 도착했는데, 소포가 우리 집 앞까지 배달되었다.나는 한 아파트에 산다.이제 노트북에 문제가 없습니다.",,1
"지금까지 상황은 상당히 좋았다.원하는 HDMI 포트가 있습니다.이것은 대형 스크린입니다!색깔 좋아, 선명해",,1
"사실이 증명하듯이, 나는 컴퓨터의 기능에 매우 익숙해서, 이에 대해 매우 기쁘다.이것은 가격이 합리적인 좋은 컴퓨터이다.화려한 것은 없고, 품질만 좋다!",,1
"노트북은 가볍고 얇으며 금속성이 있다 부팅 속도가 매우 빠르고 원활하며, 디스플레이 해상도가 선명합니다. 장시간 사용 시에도 발열이 적어 탁월한 열 관리 성능을 보여줍니다.",,1
"놀랍고, 유용하고, 낮은 전력 소비, 매우 유용합니다",,1
작은 크기에 스피드가 빨라 영화도 보고 게임도 할 수 있어서 신기해요.우리는 그것을 좋아한다.,,1
" Kementar는 Sata를 통한 potriben, yaksho pidklektiti가 아니며, 첫 번째 kilcanadsyat gaybyt는 의미있게 shidder, poim으로 바닥에 쓰여집니다.",,1
아주 좋습니다. 소니 4 에 설치하면 시도됩니다.,,1
한 달 동안 사용한 후에 손상되는 것을 권장하지 않습니다.,,1
가격은 매우 좋고 꽤 유연하게 작동하며 S25 울트라와 동일하지 않지만 준수하므로 추천합니다.,,1
매우 아름답고 잘 작동합니다.,,1
나는 완벽하게 작동하면서 하나를 테스트했습니다. 가난한 사람들을 평가하는 아홉 손가락 naff .... 이 오징어.,,1
"개별 포장의 모든 모듈, 하이닉스 칩, 모든 작업, 1600 (800) 에 문제가 없습니다",,1
품질 장치. 나는 구매를 추천. 지원은 빠른 답변과 매우 친절합니다.,,1
2 주 만에 빨리 배달되면 모든 것이 원하는대로 작동합니다. 친구가 더 주문해야하는 경우. 추천,,1
좋은 밤. 성명서에 설명 된대로 마감일 전에 도착했습니다. (아직 테스트하지 않았습니다).,,1
잘 포장 .. 빨리 배달... 판매자는 사교적이며 5 + 를 넣는 것이 더 나은 추천을합니다.,,1
"작품, 은행은 양쪽에 펼쳐져 있습니다. testmem5 오류없이 통과했습니다.",,1
나는 남편을 위해 그것을 샀고 그는 그것을 좋아했습니다. 잘 일하고 매우 빨리 도착했습니다.,,1
모든 것이 작동합니다. 아주 좋습니다. 오래된 철이 시작되었습니다. 취할 수 있습니다,,1
"작업 RAM, 신속하게 제공. 판매자 감사합니다.",,1
완벽하게 작동합니다. 좋은 칩 🇧🇷🇧🇷,,1
모든 모듈이 작동합니다. Memtest는 오류없이 통과했습니다.,,1
"훌륭한 판매자와 제품, 나는 만족",,1
4 제품 주문. 그들 중 세 명은 제대로 작동합니다. 그리고 그들 중 하나는 작동하지 않으며 나는 반환을 요청했습니다. 선적이 조금 늦었습니다.,,1
슈퍼 가격과 품질,,1
작업 메모리-모든 것이 좋습니다,,1
모든 오른쪽 상단 실행,,1
고품질 메모리. 모든 10 개의 모듈은 오류없이 테스트를 통과했습니다.,,1
훌륭한 판매자와 나는 이미 빠른 배송 매우 세심한 판매자를 계속 구매할 여러 제품을 구입했습니다,,1
업무 규범,,1
훌륭한 판매자와 나는 이미 빠른 배송 매우 세심한 판매자를 계속 구매할 여러 제품을 구입했습니다.,,1
처음에 약속 한 것보다 빨리 전달되면 지금까지 모든 것이 완벽하게 작동합니다.,,1
Ryzen 5 4500 과 MSI a520m 프로 달리기,,1
배달 회사는 10 월 4 일까지 배송을 약속했지만 10 월 22 일에만 접수되었습니다. ,,1
"작업 메모리, 오류 없음. 1866 MHz는 문제없이 시작되었습니다. 물론 가격 말!",,1
제품이 배달되지 않았고 잘못된 가격을 책정했습니다.,,1
"모든 것이 잘되는 동안, 나는 죽음에 넣고, 그들은 결정하고, 속도를 측정했습니다-그것은 친척과 동일합니다. 그런 가격 때문에 모든 것이 괜찮지 만 이것은 첫날 일뿐입니다. 얼마나 오래 살 수 있는지 알아야합니다.",,1
.... 10 일 안에 배달.... 나는 그들을 설치하는 플러스... 제 시간에 볼 수 있습니다 ....,,1
더 이상 필요하지 않습니다.,,1
"그것은 처음이 아니다, 항상 일하는 죽은이다, 나는 만족",,1
11 일 만에 배달됩니다. 설명 된 수량 및 품질. Memtest4 를 통해 Ran. 실수는 없었습니다. 작동하는 컴퓨터에 넣으십시오. 일주일 동안 잘 작동했습니다. 판매자 별 5 개.,,1
"작업 카드, 새, 용량 해당.",,1
위대한 기억! 그리고 아주 잘 포장.,,1
작품,,1
그것은 완벽한!,,1
우수한 제품 우리는 그것을 매우 추천합니다!,,1
완벽하게 작동하는,,1
구성품이 모두 완벽합니다. 확실하고 분명한 제품. 나는 판매자를 지지!,,1
최고의 가격으로 최고의 제품,,1
대단히 감사합니다! 판매자에게 박수를 !,,1
설명 된 메모리. 판매자 추천,,1
빨리 도착... 그리고 좋아. 이제 시험하는 것입니다!!,,1
모든 것이 완벽하게 작동합니다!,,1
"그것은 작동, 그것은 빨리 왔다",,1
좋은 판매자가 여러 번 구입 한 제품 및 좋은 품질과 판매자가 빨리 보내기 때문에 주문을 계속할 것입니다.,,1
훌륭한 판매자와 나는 이미 빠른 배송 매우 세심한 판매자를 계속 구매할 여러 제품을 구입했습니다!,,1
"훌륭한 제품 우수한 판매자는 여러 개를 구입하고 계속 될 것입니다, 배송은 빠른 판매자 세심한 답변이었고 요청",,1
훌륭한 판매자와 나는 이미 빠른 배송 매우 세심한 판매자를 계속 구매할 여러 제품을 구입할 것입니다!,,1
"작품, 배달 빠르다",,1
"매우 훌륭한 배달 속도, 이것은 우리에게 최고의 선물",,1
기존 FM2 마더보드에서 작동합니다. 차량은 1600에서 시작했지만 BIOS 및 AID의 이 주파수에서는 두 바가 모두 표시되었지만 시스템에서는 하나만 감지했습니다. 결과적으로 둘 다 13333에 의해 정상적으로 획득되었으며 이는 이미 나에게 정상적인 현상입니다.,,1
훌륭한 제품 판매자 OQ에 적합한 서비스를 제공했습니다 빠른 배송을 원했기 때문에 더 많이 구매하겠습니다.,,1
"훌륭한 제품 우수한 판매자는 여러 개를 구입하고 계속 될 것입니다, 배송은 빠른 판매자 세심한 답변이었고 요청",,1
작동하는 메모리. AMD 프로세서는 아무런 문제 없이 시작되었습니다.,,1
오랫동안이 메모리를 주문한 컴퓨터에 갈 수 없었기 때문에 모든 것이 OK가 작동합니다.,,1
"모든 것이 제대로 작동하고, 올바른 날짜에 도착했습니다. 잘 포장 된 제품.",,1
지금은 정상적으로 작동합니다. 판매자 덕분에.,,1
훌륭한 제품과 판매자입니다. 더 주문했는데 판매자가 어딘가에 사라졌어요.,,1
우수한 제품과 품질.,,1
우수한 모든 작업은 3 주 후에 왔습니다. 포장 상자 및 패키지. 보드에서 잘 작동하고 추천. 가장 중요한 것은 보드가 8 GB 의 막대를 지원한다는 것입니다.,,1
엄청난 신속함! 다시 주문하겠습니다!,,1
훌륭한 제품 판매자 OQ에 적합한 서비스를 제공했습니다 빠른 배송을 원했기 때문에 더 많이 구매하겠습니다.,,1
좋은 안내입니다. 그것은 당신의 돈입니다. 나는 조언한다,,1
"훌륭한 제품 우수한 판매자는 여러 개를 구입하고 계속 될 것입니다, 배송은 빠른 판매자 세심한 답변이었고 요청",,1
아주 좋은 추억과 그것이 빨리 도착한 방법!!!,,1
훌륭하고 포장도 좋고 배송도 빠릅니다,,1
놀라운!,,1
메모리가 새롭기 때문에 연락처에서 설치 흔적이 발견되지 않았습니다. ,,1
메모리는 우수하며 기능을 수행합니다.,,1
훌륭한 판매자 제품 및 가격 나는 배달 또는 반품에 문제가 없었기 때문에 계속 구매할 모든 사람에게 추천.,,1
"훌륭한 제품 우수한 판매자는 여러 개를 구입하고 계속 될 것입니다, 배송은 빠른 판매자 세심한 답변이었고 요청",,1
서버를 찾았습니다.,,1
모든 것이 괜찮습니다!! !,,1
SEC 칩이지만 문자 (H9) 는 약속 된대로 1600 이 아니라 1333 주파수에 해당합니다. 1600 은 여전히 정상적으로 작동하지만 (SEC 칩은 일반적으로 잘 경주합니다).,,1
"우수한 바, 보드는 즉시 8 GB + 8 GB를 보았습니다. 이제는 모두 브레이크, 비행, 배달 주간없이",,1
모든 것이 훌륭합니다!,,1
작동합니다. 모든 것이 괜찮습니다.,,1
빠른 배달. 우수한 제품 품질. 감사합니다,,1
모든 것이 괜찮습니다.,,1
판매자 덕분에 만족,,1
배달이 빠릅니다! 슬랫은 결함없이 나타났습니다. 작업자는 100% 입니다. 나는 판매자를 추천.,,1
모든 것이 괜찮습니다. 모든 스트립이 제대로 작동하는 순서입니다.,,1
확인해 보니 듀얼 모드에서 작동합니다. 나는 마이크론 칩을 가지고 있습니다.,,1
판매자는 실수로 컴퓨터 용 메모리를 보냈지 만 개인 서신에서 문제를 해결하기로 신속하게 동의했습니다. 판매자가 대화를하게되어 기쁩니다. 정사이즈 고객으로서이 상점에서 더 주문할 것입니다.,,1
훌륭한 제품 판매자 OQ에 적합한 서비스를 제공했습니다 빠른 배송을 원했기 때문에 더 많이 구매하겠습니다.,,1
"훌륭한 제품 우수한 판매자는 여러 개를 구입하고 계속 될 것입니다, 배송은 빠른 판매자 세심한 답변이었고 요청",,1
"우수, 나는 다시 산다, 그만한 가치가있다. 지금까지 완벽하게 일하고, 좋은 가게.",,1
아주 좋아요!!!,,1
"훌륭한 제품 우수한 판매자는 여러 개를 구입하고 계속 될 것입니다, 배송은 빠른 판매자 세심한 답변이었고 요청",,1
빠른 배달. ExceFast 배달. 우수한 제품 품질. Thanksllent 제품 품질. 감사합니다,,1
규범. 작품,,1
모든 것이 상자에서 1600 까지 작동했습니다.,,1
그것은 좋다!,,1
훌륭한 판매자 제품 및 가격 나는 배달 또는 반품에 문제가 없었기 때문에 계속 구매할 모든 사람에게 추천.,,1
모든 것이 당신을 위해 작동합니다. 감사합니다,,1
잘 작동하고 오류가 없으며 테스트 중 메모리 온도는 49g 입니다.,,1
규범과 같은 작품,,1
규정에 맞는 ,,1
이것은 제가 찾는 것이 맞습니다. 아주 좋은 친구,,1
규범과 규정에 맞는 제품,,1
판매자는 언제나 친밀합니다.,,1
매우 완벽한! 이 판매자는 친숙합니다.,,1
아주 좋은 판매자. 이 판매자는 진실합니다.,,1
진술된 제품. 확실한 배송,,1
매우 빠른 배달은 나를 기쁘게 해주었습니다.,,1
기쁜,,1
"잘 작동, 올바른 10gb 에 연결",,1
완벽하게 충전 내 Foreo 곰 미니,,1
그것은 좋은 상태에 도착했고 문제없이 짐.,,1
"예상 된 것, 속도, 품질 및 디자인, 좋은 재료 및 마감",,1
역시는 역시나다,,1
모든 슈퍼 모든 pratsyu diakyu 판매자 모든,,1
두 티즈 니프와 나를 위해 왔습니다.,,1
에일에 관한 것이 아니라 모든 것이 슈퍼입니다.,,1
좋은 품질. 모든 것이 잘 작동합니다.,,1
"우수한 제품, 이중 케이블, 매우 좋은 가격",,1
품목으로 권장됩니다. 더 구매하고 싶습니다.,,1
좋은 품질과 설명에 표시된 것과 동일,,1
나는 당신에게 추천한다,,1
좋은 제품.,,1
정말 하이 퀄리티!,,1
여유롭게 충전하기위한 좋은 부드러운 코드는 빠른 충전을 지원하지 않습니다.,,1
빠른 배송을 위해 대단히 감사합니다.,,1
"빠른 충전 67 초가 작동하지 않을까 걱정-작동합니다! 판매자가 모든 것을 빨리 보내 주셔서 감사합니다, 그것은 10 일 후에 도착했습니다.",,1
모든 것이 옳았습니다!,,1
완벽한,,1
충분한 성능과 완벽한 퀄리티,,1
빠른 배송. 제품은 설명과 완전히 일치합니다. 우수한 품질. 추천합니다!,,1
난 그것을 받았다,,1
빠른 충전이 아닙니다.,,1
모든 것이 잘되었습니다. 상품이 빨리 도착했습니다. ,,1
충전 기능을 성공적으로 테스트했습니다. 모든 것이 완벽했습니다. 만족합니다.,,1
나는이 충전 케이블을 구입했고 재료의 품질에 상당히 만족했다.,,1
코팅은 내성이 있으며 매일 사용하여 손상 및 파손을 방지합니다.,,1
장치에 대한 연결이 확고하여 중단없이 안정적이고 빠른 충전을 보장합니다.,,1
다른 장치에서 테스트했으며 성능이 우수했습니다.,,1
또한 케이블의 길이가 좋기 때문에 다양한 상황에서 쉽게 사용할 수 있습니다.,,1
주목할 점은 커넥터에 따라 처음에는 약간 단단하지만 유용성을 손상시키는 것은 없다는 것입니다.,,1
전반적으로 내구성과 효율적인 케이블을 찾는 사람들에게 큰 비용-이점.,,1
주목할 만한 제품,,1
전반적으로 훌륭한 내구성을 보유,,1
좋은 품질의 리드,,1
"케이블이 빨리 도착했고, 패키지는 괜찮았습니다. 가능성이 없을 때까지 친구를 데려가 확인해 보았습니다.",,1
케이블은 작동하지만 충전이 5V 2A라는 큰 마이너스가 있습니다.,,1
괜찮습니다. 감사합니다. 훌륭합니다.,,1
모두 설명 된 빠른 배송.,,1
좋은 재료이지만 빠른 충전은 아니지만 여전히 가격과 브랜드에 대한 가치가 있습니다.,,1
충전이 좋습니다. 그리고 빨리 요금을 청구하세요!,,1
시간을 가질 수 있는. 가치있는 제품,,1
제품과 퀄리티는 나를 행복하게 합니다.,,1
행복한. 훌륭한.,,1
좋은 제품.,,1
도착,,1
우수한 상태의 패키지는 완벽하게 작동.,,1
패키지는 완료,,1
충분하고 훌륭한 패키지. 완벽한 도착,,1
설명 된대로 모든 것이 완벽합니다.,,1
좋은 기사. 티업,,1
매우 유용합니다. 그리고 빨리 도착,,1
"좋은 품질, 그것은 또한 내 삼성 갤럭시 4S 에 빠른 충전 작동합니다. 나는 만족한다.",,1
"우리는 J & T 익스프레스를 요청했고, 그들은 내 집에서 나에게주지 않았고, 내 성실성을 위험에 빠뜨리고 개인 집에 가게했습니다…",,1
삼성에도 잘 견고 한 OK,,1
나는 다시 살 광고 된대로 작동하는이 항목을 정말 좋아합니다.,,1
사진은 3 팩을 보여 주지만 한 팩만 배달되었습니다. 상점은 괜찮습니다. 좋은 고객 서비스,,1
이 충전 코드는 잘 작동합니다. 필요할 때 다시 주문할 것입니다.,,1
동일한 패키지 좋은 가격.,,1
이 패키지는 나를 위한 집으로 도착하였습니다. 나를 기쁘다.,,1
아직 빨리 시도하지 않고 좋은 품질로 보입니다.,,1
다 괜찮아,,1
슈퍼 케이블. 매우 유연하고 그들이해야 할 일을하십시오.,,1
"잘 처리 된 슈퍼 자격. 좋은 상점과 좋아 보인다. 빠른 배달, 나는 매우 만족",,1
잘 받아 주셔서 감사. 나에게 최고.,,1
아주 좋고 아주 빨리,,1
모든 것이 완벽하고 훌륭한 판매자.,,1
그들은 아주 잘 작동하고 매우 행복합니다.,,1
좋다 - 추천한다,,1
"정확한 제품 설명, 나는 2 케이블을 테스트하고 내 전화로 내 컴퓨터에서 작동합니다.",,1
"삼성, 완벽한, 주문에서 배달 15 일, 슈퍼 나는 내 주문에 만족합니다-나는 판매자에게 감사합니다, 상점",,1
충전기와 만 작동하면 케이블이 데이터를 전송할 수 없습니다.,,1
모든 것이 훌륭합니다,,1
모든 것이 완벽하게 작동합니다. 이는 나에게 기쁨을 줍니다.,,1
"좋은 기사, 완벽하게 기능을 수행",,1
"제 2 차 주문, 아주 좋은 케이블",,1
"훌륭한, 길고 좋아 보이는데",,1
제품은 좋은 품질이며 케이블은 매우 내구성이 높으며 매우 잘 완성되었습니다. ,,1
아직 시도하지 않았지만 곧 도착했습니다.,,1
모든 것이 아주 잘 진행되었습니다.,,1
현장에는 2 개의 케이블이 있지만 1 만 받았습니다.,,1
제 시간에 도착했습니다.,,1
우수한 USB-C 케이블,,1
놀랍게도 좋은,,1
"아름답고 강한 두꺼운, 큰 길이, 자동차 또는 버스로 여행뿐만 아니라 작업에 매우 적합합니다. 아름다운 마무리. 정말 기뻐했습니다.",,1
"아주 좋은 품질, 나는 그것을 추천. 내가 묻는 두 번째입니다.",,1
"좋은 건축, 우수한 가격.",,1
문제 없다.,,1
사진이 조금 오해의 소지가 있습니다. 항상 3팩은 아닙니다. 3팩을 명시적으로 선택해야 합니다. 그걸 놓쳐서 하나만 받았어요.,,1
명시적으로 적혀있는 제품. 이는 완벽한.,,1
대형 품질 - 가격 비율,,1
충전 케이블의 존재는 매우 좋으며 기존 플라스틱 케이블보다 오래 지속되기를 바라는 재료를 교체했습니다.,,1
올바른 품질,,1
준수하고 품질이 보입니다! 감사합니다. 감사합니다.,,1
표시된 대로.,,1
예상대로.,,1
좋은.,,1
모든 것이 완벽합니다. 매우 빠른,,1
설명에서와 같은 항목,,1
1 미터가 아닙니다. 길 짧은.,,1
"잘 처리 된 슈퍼 자격. 좋은 상점과 좋아 보인다. 빠른 배달, 나는 매우 만족",,1
"제공된 정보에 따라 아주 빨리, 좋아 보인다. 그것이 얼마나 오래 지속되는지 볼 것입니다.",,1
좋은 케이블. 좋은 의상,,1
훌륭한 충전기도 정말 빨리 충전되므로 권장합니다.!!!!! !,,1
케이블. 그것은 전기를 운전합니다. 2종료,,1
내 휴대폰에 아주 잘 어울립니다.,,1
지금은 잘 작동합니다. 얼마나 오래 지속되는지 볼 수 있습니다.,,1
좋고 유용하며 필요한 것을 충족시킵니다.,,1
나는 일종의 블록과 폭풍과 함께 내 자신의 Tsina를 보게 될 것입니다. ,,1
제품이 좋고 가격도 합리적입니다.,,1
그게 내가 주문한 거.,,1
100% 별 5개로 안심하고 구입할 수 있습니다(판매자에게 매우 감사합니다). ) 진심으로.,,1
아주 좋은 제품!,,1
"우수한 판매자, 완벽한 상태로 포장된 품목의 매우 빠른 배송",,1
케이블은 고속 충전이 가능합니다.,,1
3 개의 다른 회사의 표준 자기 팁에 적합합니다. 나는 4 개의 다른 케이블 제조업체를 가지고 있으며 모두 교환 가능합니다.,,1
좋은 품질 케이블. 이 케이블에서 자석이 강합니다. 연결이 좋은 느낌,,1
"훌륭한 기사, 매우 유용합니다. 이것은 두 번째 구매입니다. ",,1
8 일. 훌륭한 커넥터-나는 모든 가제트를 가져갑니다!,,1
주문은 정시에 도착했습니다. 품질이 우수합니다. 이 브랜드의 제품을 구입 한 것은 이번이 처음이 아닙니다. 나는 그것을 추천. 구매에 만족합니다. 판매자 감사합니다!,,1
"훌륭한 기사, 매우 유용합니다. 이것은 두 번째 구매입니다.",,1
다시 주문했다. 오래된 것은 격렬한 착취 후 무너졌습니다. 작품에서 뛰어난 것으로 판명되었습니다. 나는 그것을 추천.,,1
"정말 좋은 제품, 품질 현명한. 정말 빠른 배달 매우 추천 상점.",,1
"방법으로, 발제.",,1
나는 수년 동안 만 essager를 사용합니다. 최고의 빠른 자기 충전 끈.,,1
매우 빠른 배달 며칠 미만. 모든 것이 정확하고 좋은 제품 품질이 올바르게 작동합니다.,,1
나는 100% 추천,,1
좋은 품질과 빠른 배송.,,1
Br은 최선을 다한다.,,1
"훌륭한 기사, ",,1
빠른 배송. 좋은 품질,,1
슈퍼 품질! 감사합니다!,,1
지정된 시간보다 일찍 왔습니다. 설명 된대로입니다. 사진을 찍지 않았다.,,1
이 회사는 항상 우수한 품질을 가지고 있습니다. 나는 그것을 추천.,,1
우수한 판매자! 완벽한 제품! 슈퍼 빠른 배송! 고맙습니다 내 친구들,,1
케이블 설명. 데이터 전송 및 충전 용으로 사용되며 자석은 매우 강합니다.,,1
좋은 기사와 배달도 평소처럼 빨랐습니다. 절대적으로 권장됩니다. 대단히 감사합니다.,,1
주문을 받았습니다. 빠르고 저렴합니다. 추천합니다. 큰.,,1
"처음으로 자기 충전 케이블과 함께 사용하지 않습니다. 그들은 잘 자화되고, 커넥터에 단단히 고정되어 있으며, 호환성에 문제가 없습니다. 조립식 주문의 일부로 3 주에 도착하여 잘 포장 할 수 있습니다. 좋은 판매자, 별 5 개.",,1
스타 5.,,1
모두 괜찮습니다. 일정하기 전에 빨리 왔습니다.,,1
규범에 맞는 제품. 일정한 규칙 존재.,,1
그것은 빨리 좋아 보인다!,,1
나는 몇 년 동안 그러한 코드를 사용하여 만족스럽고 편리했습니다.,,1
보통 1 ~ 2 년 동안 봉사 한 다음 변경하십시오. 그러나 태블릿/휴대 전화의 충전 소켓이 끊어지지 않습니다.,,1
항상 모든 것이 좋습니다!,,1
자석은 안전하게 붙어 있습니다. 이미 가지고 있는 다른 제조업체의 자기 케이블과 호환됩니다. 전류 1.9A(내 휴대폰)를 충전합니다.,,1
"정말 좋은 품질. 자석은 정말 강하고 완벽하게 맞습니다. 나는 정상적인 마우스를 ""무선"" 충전으로 만들기 위해 그것을 사용했다.",,1
"나는이 케이블 회사의 첫해를 주문하지 않고, 모든 것이 슈퍼입니다. 판매자에게 대단히 감사합니다. 나는 판매자를 추천.",,1
사랑.그것,,1
"주문한 날로부터 2주 후에 소포가 도착했습니다. 나는 이 브랜드에서 케이블, 자기 핀, 수백 개 이상의 충전기를 구입했습니다. 모두 완벽하게 작동합니다. 가격과 품질이 최고입니다.",,1
자기 팁은 훌륭하게 작동합니다.,,1
항상 모든 것이 좋습니다!,,1
나는 처음으로 사지 않는다. 모든 것이 괜찮습니다. 충전기가 완벽하게 작동하는 방법 (이 유형의 커넥터로 온 가족을 옮겼습니다.),,1
또 다른 좋은 품질의 케이블-자기 부착은 확고하고 신뢰할 수 있습니다.,,1
나는 여기서 수년 동안 주문해 왔습니다. 지금까지는 모든 것이 훌륭했습니다.,,1
어댑터는 항상 좋았습니다. 그들은 나와 함께 1년 이상 머물렀습니다. 아이들에게는 대략 필요해요.,,1
매우 편리합니다. 충전 할 때마다 전화기의 커넥터를 손상시키지 않는 것이 필수적입니다.,,1
"잘 작동, 좋은 자석. 마지막으로 희망합시다",,1
이 회사는 항상 우수한 품질을 가지고 있습니다. 나는 그것을 추천.,,1
나는 그것을 여분의 (충분하지 않음),,1
주문을 받았습니다. 빠르고 저렴합니다. 추천합니다. 큰.,,1
"처음으로 자기 충전 케이블과 함께 사용하지 않습니다. 그들은 잘 자화되고, 커넥터에 단단히 고정되어 있으며, 호환성에 문제가 없습니다.",,1
"조립식 주문의 일부로 3 주에 도착하여 잘 포장 할 수 있습니다. 좋은 판매자, 별 5 개.",,1
그것은 요구입니다!,,1
주문을 받았습니다. 빠르고 저렴합니다. 추천합니다. 큰.,,1
매우 편리한 충전 어댑터입니다. 제가 가지고 있는 거의 모든 배터리 구동 장치에 설치했습니다.,,1
 잘 포장 된 조립식 주문의 일부로 일주일 반 만에 도착했습니다.,,1
상품이 도착했습니다. 빠르고 정확한 배송 감사드립니다.,,1
"주문한 날로부터 2주 후에 소포가 도착했습니다. 나는 이 브랜드에서 케이블, 자기 핀, 수백 개 이상의 충전기를 구입했습니다. 모두 완벽하게 작동합니다. 가격과 품질이 최고입니다.",,1
판매자에게 별 5 개 제공,,1
좋은 기사와 배달도 평소처럼 빨랐습니다. 절대적으로 권장됩니다. 대단히 감사합니다.,,1
나는 이 자기 충전 케이블을 좋아합니다. 그냥 접점을 꽂은 채로 두고 차나 소켓의 케이블을 사용합니다. 훌륭한.,,1
주문을 받았습니다. 빠르고 저렴합니다. 추천합니다. 큰.,,1
당신은 도착시 세관을 지불 할 것입니다 .. 약 3.5,,1
대단해! 이 코드를 처음 사용하는 것은 아닙니다. 나는 그것들을 잃어 버리기 때문에 새로운 코드를 구입합니다.,,1
그렇습니다. 느린 부하,,1
"좋은 품질, 처음 구입하는 것은 아니며 모든 매개 변수와 일치하며 기능을 수행합니다.",,1
충전 케이블을 구입하고 대신 케이블에 연결되는 충전기 플러그를 얻었습니다.,,1
"아주 좋은 제품, 내 모바일의 빠른 충전을 활성화하지 않는 것이 아프지 만, 더 기본적인 장치의 경우 매우 좋으며 충전 포트가 손상되지 않도록하십시오.",,1
케이블이 잘 작동합니다. 나는 모든 가제트와 전화에 자석이 있습니다.,,1
충전은 훌륭합니다. 자석 부분은 훌륭합니다. 정말 짜증나는 유일한 것은 자석이 없을 때 빛나는 파란색 LED 빛입니다. ,,1
당신은 최고의 판매자.,,1
친애하는 판매자. 당신은 최고입니다. 믿을 수 없는 품질!,,1
,"빠르게 배송되었습니다. (주말 주문, 화요일 도착) 인식 및 작동 잘되네요",0
,아직 나머지 부품을 구매하지 못해 실제 사용을 못해 봤으나 주문 후 이틀만에 수령해서 배송도 빨라 만족합니다.,0
,빠른배송 명함과함께 안전포장되어 도착함,0
,빠른배송 감사합니다 슈퍼컴퓨터 가즈아아아아,0
,"문제 없고, 잘 작동하네요! 거기에 무상 교환 2년이니 좀 마음이 놓이네요!! 잘 사용 하겠슴다!",0
,굿,0
,잘됨.,0
,문제없이 매우 잘되는듯,0
,박스셋 잘 받았습니다. 작동은 아직 안해봄,0
,좀더 저렴한 7500f사려다가 아무래도 혹시몰라서 내장글카 있는걸로 구매했습니다. 이것도 충분히 저렴하다고 봐서 3만원 차이는 아깝지 않네요. 정품 박ㅁ스,0
,잘받았고 포장도 잘되서 왔습니다. 설치 후 문제가 없으며 다른 빌드가 있는 경우를 대비해 이 판매자로부터 반드시 구매할 것입니다.,0
,빠른 배송에 좋은 제품 저렴히 감사합니다,0
,송은 무천 빠르고 박스에 포장되어옵니다. 우리나라 컴터 부품값은 정말 미친거같아요. 알리가 너무 저렴해서 고만할 필요도 없네요.,0
,배송빠릅니다. 물건도 정확하고요. 거의 1주일 많에 받았네요,0
,알리익스프레스 좋아요 ㅎㅎㅎㅎ 알리익스프레스 좋아요 ㅎㅎㅎㅎ,0
,이렇게빨리오는거 처음이네요. 최고입니다,0
,알리에서 파는 다른 키캡보다는 가격이 있지만 포장이나 퀄리티는 제일 좋네요 이쁘고 좋아요,0
,이상없이 빠르게 잘왔어요 한글각인 좋아요 영어는 측면 각인이네요,0
,배송은 일주일걸린거 같네요 가격이 저렴해서 샀는데 함 써봐야겠네요,0
,"정품이 너무 비싸 사지못한 내 자신을 한탄하며, 짭으로 구매했습니다.",0
,배송 빠르고 상품 문제 없이 잘 도착했습니다. 작동 잘 되고 듀얼 모니터도 잘 되네요. 풀로드시 팬 소음은 있어요.,0
,너무잘되요 동봉도니 hdmi는 가끔 인식오류떠서 다른거 쓰니 잘되요,0
,괜찬은 재품입니다. 좋아요,0
,괜찬은 재품입니다. 좋아요,0
,오늘 작동 시켜봤는데 잘되네요 오래썻으면 합니다,0
,일단 배송과 가성비 평가는 만족 사용 후 사용기 남길게요,0
,배송이 느려 느긋하게 기다릴수만 있다면 이보다 더 좋은 선택은 없을거 같네요. 최고의 가성비 인정입니다.,0
,상품박스 훼손도없고 잘 돌아가는듯 하네요 따로 속도테스트는 아직 안해봐서 그건 모르겠네요,0
,지난번에도 구매해서 잘 됐어요! 잘 되는것 같아요 ^^ 지난번에도 구매해서 잘 됐어요!,0
,"좋은 제품 입니다,.......",0
,설치시 컴터에선 마이크론으로 잡히고 잘 돌아감. 믿고 쓰는 킹뱅크임.,0
,배송이 좀 걸렸지만 제품 깔끔하게 잘 배송되었습니다 이제 마이크론칩으로 오나보네요,0
,국제등기로 와서 17일 정도 걸렸네요. 제품은 정상적이고 방열판은 없습니다.,0
,컴퓨터에 무사히 조립~~~,0
,드디어 받았습니다. 조립은 아직 나머지 부품 구한후 할 예정입니다.,0
,가성비 굿,0
,가성비 좋음,0
,사용해봐야 알겠지만 배드섹터만 없었으면 합니다 모두 건강하세요,0
,택배로 발송된 것이 아니고 우편으로 우편함에 들어있었습니다. 아직 사용 전입니다,0
,속도 아주 좋습니다. 윈도우 드라이버 미설치 상태로 테스트했어요. 하이닉스칩에 하이닉스 컨트롤러. 훌륭합니다.,0
,저렴하게 하이닉스 oem을 사서 잘쓰고 있어요~~ ssd 아무이상 없이 잘되용,0
,어제 구매하고 오늘 제품 받았습니다. 현재 구할수있는 가장 저렴한 방법인듯 합니다.,0
,23일 저녁에 구매해서 설 지나고 올줄 알았는데 25토요일에 배송이 왔습니다 엄청 빠르네요 ee,0
,빠른 배송 감사합니다.~~~!!,0
,좋아요. 빨리 왔네요.,0
,빠르게 잘 왔습니다~,0
,빠르게 잘왔습니더,0
,23일 저녁에 구매해서 설 지나고 올줄 알았는데 25토요일에 배송이 왔습니다 엄청 빠르네요 ee,0
,잘 받았습니다. 보드 주문하고 장착할 것 같네용,0
,빠른배송 만족했네요ㅎㅎ 박스가 많이 찌그러져와서 걱정했지만 다행이 안에 cpu박스만 찌그러져있네요 사용전이지만 저렴한 가격에 구입했네요ㅎㅎ,0
,성능이 살아 있음. 배송도 살아 있음,0
,쿠폰으로 그나마 싸게 구했네요. 배송도 바로 보내주셨어요. 지상최강의 게이밍 cpu 983d!!,0
,램이나 그래픽카드 교체 말고 완전 조립은 처음인데 잘 돌아가네요 성능 좋습니다,0
,배송 잘 받았습니다. 가격 변동이 빠르네요.,0
,5600x >>>>> 573d 업글 배그하시는분들 무조건 업글 ㄱㄱ헛,0
,잘 받았고 정상작동하고 성능 좋습니다 그런데 일반 우편으로 와서 아파트 현관 우편함에서 찾은 건 좀 당황스럽네요. 한국 배송은 택배로 진행 하는게 좋을 것 같습니다,0
,아직 딥하게 사용해보진 못했지만 일단 인식은 잘됨.,0
,11월 14일 주문하여 12월 4일에 받았습니다. 핀 멀쩡하고 작동 잘 됩니다.,0
,좋은 굿굿굿 굿,0
,배송이 최대기간 하루 전날에 옴 싱가폴 거쳐서 오는데 정신 나가는줄,0
,이상 없이 작동 잘 합니다. 다만 배송은 좀 느리네요.,0
,가성비 좋게 샀네요. 개꿀딱입니다,0
,배송은 10일 정도 기다린 듯 상태 굿 인식도 잘함 포장에서 냄새는 나지만 거슬리진 않음.,0
,쿨러가 없어서 아직 사용전이지만 문제 없을거라고 믿음,0
,잘 작동하네요 좋아요 잘쓸게요,0
,핀도 안 휘고 잘왔어요 14.6에 구매,0
,배송은 일주일걸린거 같네요 가격이 저렴해서 샀는데 함 써봐야겠네요,0
,예쁩니다,0
,깔끔하게 잘 만들어졌네요. 이쁨,0
,내가 알리에서 구매한 No.1 상품. 퀄리티 좋음.,0
,원래 잘 벗겨지는진 모르겠으나 이정도면 싼게 비지떡 최고,0
,배송이 빠르고 제품도 이뻐요,0
,퀄이생각보다 뛰어납니다. 좋네요^^,0
,매우 만족스럽습니다 예뻐요 잘 쓰겠습니다.,0
,청축이라 원래 소리가 청량 한다 약간 둔탁해 지는 효과가 있네요. 소음 김소 효과가 있습니다.,0
,싸게 구입했어요. 맘에 듭니다.,0
,네이버에서 파는거 진짜 비싼데 이거 반값도 안된 가격에 샀음. 개꿀이고 퀄도 좋음,0
,생각보다 퀄리티가 좋음. 나무 표현한 키캡 음각? 아래 각인 박은게 잘 안보이긴 한데 나쁘지 않은 정도 추천하냐? 추천함,0
,대만족 퀄 좋네요. 대박,0
,좋습니다 좋습니다 좋습니다 좋습니다 좋습니다 좋습니다 좋습니다 좋습니다 좋습니다 좋습니다 좋습니다 좋습니다 좋습니다 좋습니다 좋습니다 좋습니다 좋습니다,0
,제품 대만족입니다. 디자인 너무 이뻐요,0
,실물은 좀 더 쨍해보이는데 물건은 같아요.,0
,폰트가 아쉽기는 하지만 마감이나 만듦새가 좋습니다. 윈키가 1개인건 아쉽네요. 서비스키가 많은데 그거보다 윈도우가 2개여야 할 것 같네요.,0
,하루 늦엇는데 바로 쿠폰 주네요 6일 걸렷고요 재품은 좋습니다 led 가 약해서 밋에 영문 과 기능 키들이 잘 안보이는데 상테 좋네요,0
,"사실 크게 기대하진 않았는데, 받아보니 퀄리티가 생각보다 나쁘지 않습니다 ㅎ.",0
,배송 빠르고 좋아요 생각보다 품질이 좋아요,0
,깔끔하고 마감이 상당히 좋네요,0
,배송도 빠른 편이었고 키캡이 예뻐서 만족해요,0
,너무 이쁜데요? 잘쓰겠습니다 ·그런데 이거 정품 맞나요?,0
,한국에서 너무 비싸 가지고 여기서 샀는데 너무 잘 산 것 같아요. 싸게 기분 좋네요.,0
,생각보다 퀄 좋음.,0
,풀배열 좋아요 살짝 매끄러운데 마찰력 있는 표면,0
,검정키보드에 주황색 백라이트 켜면 개이쁩니다. 검정키보드에 주황색 백라이트 켜면 개이쁩니다.,0
,색감이 예쁘고 좋네요! @@ 아직 키보드 사용은 안해봣는데 좋을듯합니다,0
,너무 이뻐요! 잘 도착했고 키캡 적용했을때 간섭도없어요 ㅎㅎ 독거미99 입니당,0
,퀄리티도 괜찮고 키캡도 다 왔고 이상도 없네요 얼른 키캡 씌워서 사용하고 싶어지네요 글씨 안쇄 상태도 괜찮아요,0
,단청무늬도 이쁘게 잘 들어있고요 가격적인 면이 뛰어난 제품이랍니다. 추천,0
,완전만족스럽습니다 아콘키보드랑 찰떡이에요,0
,오리지널은 가격이 너무 비싸서 샀는데 생각보다 퀄리티가 나쁘지는 않네요,0
,생가보다 나쁘지 않습니다. 가격대비 괜찮네요.,0
,서버 운영하는 분들이 많아서 고용량 메모리 관심있으신 분들이 꽤 될텐데 이 제품이 괜찮은 선택지라고 봅니다. 배송도 빨라서 아주 굿입니다!^^,0
,미니pc 처음 구매해본거에요. 공간 차지 적고 좋습니다. 윈도우11 프로 설치된 그대로 사용중인데요 아무 이상 없이 잘 작동됩니다.,0
,미니pc 처음 구매해 본 건데 가성비 최고네요. 무엇보다도 윈도우11 프로 os가 깔려 있어서 바로 사용하기 좋고요 크기도 작고 4k 를 지원해줘서 좋습니다. ,0
,성능이 좋습니다 윈도우11탑재되어 있으며 작동이 잘됩니다. 다민 뒤에 Lan port 가 작동이 안됩니다.,0
,지난 할인 행사를 놓쳐 한참을 고민하다가 이번 할인 기간에 구매했습니다. 1주일 정도만에 수령해서 기본적인 테스트하고 이제 리눅스 설치해서 사용하려 합니다. 정품 인증 잘 됩니다.,0
,빠른 배송 감사합니다. 이번이 2번째 구매인데 와이파이 모듈 신호 잡는게 어려워하는 것 같으니 무선랜 드라이버 재설치는 필수 입니다 반드시 유선랜은 큰 문제 없었습니다 ,0
,예상보다 배송도 빠르고 물건도 설명과 같습니다 좋은 제품 싼가격에 살 수 있어 아주 좋았습니다,0
,가성비좋네요 잘샀어요,0
,오늘 작동 시켜봤는데 잘되네요 오래썻으면 합니다,0
,포장 꼼꼼하고 빠르게 뱃송되었어여 이런 가성비 미니 피씨는 알리에만 읶네요,0
,이전에 쓰던 다른 브랜드 제품이 고장나서 구매했는데 훨씬 좋습니다.,0
,hdmi도 포함되 있어서 화면 안나올 걱정 없고요 뚜껑 열어보면 정말 깔끔합니다.,0
,가격대비 많이 좋아요 추천,0
,"생각보다 빠릿합니다... 저는 리눅스(록키 or 센트os)를 설치 할려고 했는데, 설치가 안되던데 제가 잘못한건지 안되서 우분투 깔았네용",0
,배송은 늦었지만 성능에 놀랐습니다. 발열도 심하지도 않았고 이 가격이 맞나? 싶을 정도로 만족 합니다. ,0
,흠....별 기대 않하고 샀는데 의외로 많이 쓸만하더군요....ㅎㅎㅎ 강추입니다....,0
,배송 빠르고 상품 문제 없이 잘 도착했습니다. 작동 잘 되고 듀얼 모니터도 잘 되네요. 풀로드시 팬 소음은 있어요.,0
,괜찬은 재품입니다. 좋아요,0
,너무잘되요 동봉도니 hdmi는 가끔 인식오류떠서 다른거 쓰니 잘되요,0
,조아 조아. 아주 조아 아아,0
,미니pc에 끼우려 샀는데 잘 작동 하고있습니다. 디램이 없지만 저한텐 과분하네요.,0
,500기가 가격에 1테라 삼,0
,잘 작동하네요.,0
,재주문합니다.,0
,속도 괜찮게 나오네요 부디 안정적이길 바람니다,0
,싼맛에 사봤는데 쓸만한성능입니다 부팅빠르고 좋아요 더 써봐야겠습니다 세일때 사세요 좋아요 ㅎㅎ ..............................................................................,0
,"생각보다 중급기로 사용이 괜찮은 제품입니다. 2번째 구매이고, 같은 말레 생산제품 이네요.",0
,Crucial P2 1TB M.2 NVMe SSD를 써보니까 가성비가 진짜 좋더라고요.,0
,가성비 좋은 제품입니다 감사합니다 이번에 쿠폰이벤트에 구입으로 싸게 구입했어요,0
,택배도 작은박스에 담아져 와서 안전하게왔어요,0
,다른 택배포장보단 상당히꼼꼼한듯 하네요 가성비 좋은 제품입니다,0
,2테라 샀는데 인식 잘되고 속도 잘나오네요😀👍,0
,배송도 잘 왔고 좋은 가격에 샀어요,0
,전에도 써봐서 좋네요 가격도 너무착하구요,0
,가성비 갑인듯 잘 작동합니다 ㅎㅎ 가격이 좀 비싸 그러네요 세일때 사세요 좋아요 ㅎㅎ.,0
,Ssd는 매우 좋고 매우 저렴합니다.,0
,TLC QLC 랜덤박스인데 TLC 당첨 ㅇㅇ,0
,이상없이 도착. 잘 버텨주기를,0
,속도 잘나오고 이만한 가성비가 없네요ㅋㅋ,0
,잘 작동하고 배송도 빠르네요.,0
,문제 없이 매우 잘됨 ㅇㅇ,0
,이상없음,0
,배송 빠르고 잘 오네요,0
,통관이 좀 느리지만 배송 자체는 나쁘지 않음,0
,포장도 좋고 너무 잘 받았어요.,0
,NAS에사용하려 구입했습니다. 용도에 맞는 좋은제품입니다,0
,작동 잘 되고 속도 잘 나옵니다. PCI확장카드에 꽂아도 속도 잘 나오네요.,0
,플스용 가성비 굿.,0
,글로벌판으로 보내서 키보드 뒷판 제품명엔 f87로 기재되어 있으나 3way로 잘 동작하고 동글 부착 방식도 pro 와 동일한 마그내틱 접착 방식입니다.,0
,제품 마음에 듭니다 정확하게 도착했습니다.,0
,제품좋네요 잘쓰겠습니다!,0
,명성이 자자한 독거미키보드를 처음 써봤습니다. 평이 안좋은 회목축인데도 엄청 좋습니다.,0
,"배송에는 2주 좀 넘게 걸린거 같은데, 키보드는 만족스럽네요. 타건감도 좋고 너무 예쁩니다. ",0
,잘작동하고 타건감 좋아요,0
,색 타건음 타건감 모두 만족합니다,0
,플라스틱 키보드 중에 제일 좋은듯,0
,좋은 상품. 가굑이 올랐어요,0
,좋아요좋아요좋아요좋아요좋아요좋아요좋아요좋아요,0
,이 키보드 디자인은 제가 원하던 깔끔한 블랙과 옐로우 조합이에요. ,0
,"유선,무선, 블루투스 연결도 아주 좋고, 내구성도 강해서 오래오래 사용할 수 있을 것 같아요.",0
,아 진짜 말해뭐해 너무 귀엽고 너무 예쁘고 소리가 진짜 미쳤습니다,0
,아들 때문에 재구매 할듯,0
,배송 일주일 만에 왔고 박스는 조금 구겨져서 왔지만 너무 만족스럽네요ㅠㅠㅠ,0
,일단 독거미 정품이고요. 타건음 상당히 좋고 역시 이 맛에 독거미 독거미 하나봅니다. ,0
,가성비 좋은 제품입니다!,0
,배송 엄청 빨라서 놀랐고 가격 엄청 저렴해서 좋았어요 역시 이 가격대 키보드는 독거미 제가 샀을때는 3만원 언저리 밖에 안해서 너무 좋았고 텐키리스 배열이 꼭 필요한 사람은 추천입니다! !,0
,좋아요. 따각따각! 독거미 역시 소문대로 👍 배송은 10일정도 걸렸어요. 낫배드. 강추,0
,우선 키보드 배열과 색상이 아주 마음에 듭니다. 텐키리스이지만 필요한 키는 다 있어서 사용하는데 불편함도 없고 키감도 너무 시끄럽지 않지만 부드럽게 사용하기 좋습니다.,0
,배송은 8일 정도 걸렸고 제품도 좋아요! 너무 만족합니다 기계식 키보드 처음 써보는데 멤브레인 키보드랑 확실히 키감이 다르네요,0
,상자는좀뭉개져서왔는데 제품은좋아요,0
,개좋아요 님들 사셈 ㅋㅋㄱㅋ 배송은 느려도 값어치 함ㅋㅋㅋ소리,0
,저렴하게 좋은 재품 잘 샀습니다.,0
,"우와,, 배송 엄청 빨라요 4일만에 도착하였구요. 정상적으로 도착했습니자..",0
,타건음 너무 좋습니다.. 가격 떨어졋을때 바로 구매햇는데 이게 이가격에 팔리는게 맞나 싶을 정도의 퀄리티입니다,0
,안살수가 없음 개추,0
,무조건 사야 함. 특히 가격떨어졌을때 무조건 걍 사셈 ㅇㅇ,0
,이쁘고 작동도 잘 되고 있어요! 화이트톤으로 맞추고 싶어서 샀는데 잘 고른 거 같습니다.,0
,이가격대에 이런제품 찾기 힘든데 번창하세요.,0
,진짜 맘에 드네요! 색도 이쁘고 타건도 굿입니다,0
,가격대비 너무 만족합니다 이렇다하게 문제되는 부분도 없고 색상이며 성능이며 다 만족해요,0
,그레이축 낫밷 도각느낌,0
,피치축이랑 라임축아니여서 별로 기대안했는데 타건감좋고 색달라요.,0
,"옛날 적축,청축생각하시면 좀 많이 가벼운 느낌입니다. 적응해야될꺼 같아요",0
,색깔이 너무 이쁘고 가성비 최고에요,0
,디자인 자체는 만족스럽습니다.,0
,다만 2.4 동글이 살짝 삐져나와 있어서 조금 더 안쪽으로 넣어줬으면 어땠을까하는 아쉬움이 듭니다.,0
,솔리다임꺼 설치하고 맥에 물렸는데 속도도 빠르고 좋네요.,0
,깡통맥 쓰시는 분들 쓰시면 좋을거 같네요.,0
,"빠른배송, 빠른 잃기 빠른 쓰기",0
,알루미늄이라 만듬새 좋음 팬이 돌아가는 소리가 나서 조용한데서 쓰기는 좀 애매하다,0
,하지만 고정해놓고 쓸 용도라 신경쓰이진 않습니다.,0
,"냉각은 잘됨. 하기비스보다 퀄리티는 떨어지는데 방열은 잘돼서 만족함. 이건 미지근한데, 하기비스는 개뜨거움.",0
,성능 자체는 만족스럽습니다.,0
,가격이 넘 비싸서 흠이지 괜찬을거 같읍니다 아직 사용전이지만 호환성문제 없길 바래요,0
,이전에 사용하던 썬더볼트 4 외장 케이스보다 속도가 모든 점에서 빨랐습니다.,0
,좋은 제품 저렴하게 잘 구매했습니다,0
,저렴하게 잘 샀습니다,0
,배송기간도 적당하고 제품 포장도 좋습니다.,0
,팬이 달려있어서 더 좋습니다,0
,빠르고 좋네,0
,그냥 데스크톱에 꼽아놓고 쓰고 있는 중,0
,소리가 좀 있지만 만족합니다 데스트탑에 걍 계속 꽂아놓고 쓰고 있는데 아직 문제없고 발열도 고만고만해으,0
,가성비 좋습니다.,0
,맥북 외장하드용으로 잘 쓰고 있어요,0
,맥북용 씹가성비,0
,가성비 좋음 안사면 안됨,0
,괜찮은데 배송이 좀 걸림 그거빼면 괜춘,0
,나쁘진 않은듯?,0
,제품 만족. 배송 만족. 재판매 상품으로 의심이감. (기존 ORICO 제품 구매한 경험으로 판단-그래서 가격이 조금 저렴함),0
,진짜 가성비 개지림,0
,저렴한 가격대에 팬까지 달려있는 외장형 SSD 인클로저 제품이라서 좋습니다.,0
,아직 사용하지 못했지만 기대하고 있습니다!!! 배송도 빠르고 포장도 파손없이 잘와서 좋아요,0
,삼성덱스 출력잘됩니다 선은 좀 두툼하고 괜찮은거 같아요,0
,탄탄하고 짱짱하니 좋네요.,0
,좋아유,0
,생각보다 나쁘지 않네요,0
,굿,0
,상품 잘받았습니다. 배송이 빠르게 왔네요. 속도고 쥰슈하게 나옵니다.,0
,휴대폰끼리 연결했는데 인식이 잘됩니다,0
,적당함,0
,케이블이 굵은 편이 튼튼해 보여요,0
,가성비 좋아요,0
,설명 그대로....,0
,필요했던 제품인데 저렴하게 구매해서 매우 만족합니다.,0
,다른 제품도 비슷한 게 많은데 이 제품이 가성비 최고의 제품이네요.,0
,국내에서는 비싸게 판매 하는데.알리여서 가능한 가격대인것 같습니다.,0
,빠른 배송에 감사드립니다. 잘 사용하겠습니다.,0
,배송도 빠르고 제품도 좋아요,0
,잘 도착했습니다...잘 도착했습니다…,0
,배송 빠르게 잘 받았습니다. 마감 좋습니다.,0
,아직써보진않았지만 퀄좋습니다,0
,"진짜 좋아요, 썬더볼트 선보다 100배는 좋아요. 짧은거 3개, 긴거 1개 주문했는데요,",0
,케이블이 튼튼하고 충전도 잘되고 좋아요,0
,기대한것 만큼 성능이 나옵니다. 제품도 견고해서 오래 쓸것 같습니다.,0
,가격 저렴하고 잘 충전됨,0
,깨짐없이 잘왔어요깨짐없이 잘왔어요,0
,필요해서 구매하였는데 만족합니다,0
,배송빠르고 제품도 만족합니다,0
,연결잘되고 케이블은 직조로 되어있고 빳빳합니다 속도 정상적으로 잘나옵니다 저는 자석젠더 연결해서 사용중입니다,0
,대 만 족 삼성덱스랑 터치휴대용 모니터 끊김없이 잘됩니다 베리굿굿굿~,0
,개잘됨,0
,노트북과 Thinkvision M14t 모델 미러링 잘 됩니다.,0
,이가격에 산다? 개꿀띠,0
,응 사라,0
,왜안삼 ㅋㅋㅋㅋ,0
,",,,,,,,,,,,,,,,,,,,,,,,,,,,,,,,,,,,,,,,,,,,,,,,,,,,,,,,,,,,,,,,,,,,,,,,,,,,,,,,,,,,,,,,,,,,,,,,,,,,, 할인기간 구입",0
,쿠폰먹고 사셈 개싸다,0
,레시피 먹이는게 좋음 개추함,0
,라이트닝으로 연결해보았는대 정상적으로 작동허네요.,0
,매우 만족합니다. 빠른 배송 감사합니다.,0
,잘 받았습니다~~~,0
,속도 빠르고 좋음..싸게 샀음,0
,잘작동되고 너무 좋아요,0
,썬더볼트4 가격대비 좋은 품질 착한가격에 구매 만족합니다,0
,길이가 정확하게 책상위에서 유용하게 사용할 수 있을것 같네요.,0
,아직 사용전이지만 배송도 빠르고 좋아요,0
,케이블 겁나두꺼움 ^^,0
,좀 짧지만 단거리용이면 깔끔하게 정리 가능,0
,길이가 길어서 좋네요,0
,"포장도 깔끔하고, 선 굵기도 좋아서 신뢰가 갑니다",0
,선이 뚜거워서 큰 원으로 말려있으며 포장봉투 안에 양쪽 끝을 벨크로 타이로 고정시켜놔서 더 믿음이 가네요.,0
,짧은 위치 연결 시 해당 벨크로를 이용하면 더 깔끔하게 정리될 것 같습니다.,0
,국내유통 하는 제품 구입하려다 급하진 않아서 알리익스프레스에서 구입했습니다. ,0
,국내 보따리랑 별 차이 없는듯,0
,걍 여기서 사는게 나은듯,0
,짱짱하니 케이블이 매우 두툼합니다. 약간 억센감이 있지만 단단해서 신뢰감이 드네요.,0
,케이블은 알리에서 사시면 제일 좋습니다. 케이블은 알리에서 사시면 제일 좋습니다.,0
,휴대폰과 16인치 모니터 연결해서 넷플랙스나 유투브 시청용으로 사용하는데 연결상태 좋아요,0
,도킹스테이션 연결용으로 샀는데 잘 작동합니다. 굿굿,0
,매우 만족합니다. 빠른 배송 감사합니다.,0
,"작고 가벼워서 휴대성이 좋고, 데이터 전송 속도가 매우 빠릅니다.",0
,USB 4.0 속도 40Gbps 안나오니 참고바랍니다.,0
,사용 하는데 문제 없습니다. 속도 체크는 안해봤네요.,0
,착한가격에 사용 잘하고 있어요^^,0
,좋아요 맘에들어요,0
,저렴하게 구매했네요....,0
,설명 그대로....,0
,연결 잘되고 빠르네요!,0
,실제 연결시 속도 잘 나옴. 페브릭 재질 그리고 튼튼하게 잘 만듬.,0
,이정도면 훌륭함 사용하다가 손상되는 일은 없을거 같음. ,0
,잘 받았습니다!!!,0
,저렴하게 잘 샀습니다저렴하게 잘 샀습니다저렴하게 잘 샀습니다,0
,USB4 지원해서 40Gbps 전송속도도 지원해서 8K 디스플레이까지 지원합니다 ,0
,케이블도 두껍고. 툰튼하게 생겼네요. 영상데이터 전송도 잘 되고 잘 사용하겠습니다,0
,이정도 가격에 vr안경 연결도 되고 돟아요 다만 묵직합니다,0
,가성비 탑입니다.,0
,전송속도 스펙 범위 안으로 잘나옵니다.,0
,"잘 받았고, 이상없이 잘 작동됩니다.",0
,비교적 빠른 배송과 품질에 만족합니다.,0
,가성비 짱짱,0
,케이블 좋은것 같음,0
,맥북에어 m3 모니터연결과 충전 동시에 잘됩니다.,0
,좋아요. 저렴하게 잘 샀어요.,0
,만종 만족,0
,좋은 ~~~ 좋은 ~~~ 좋은 ~~~,0
,TB4 dock 에 연결해서 잘 동작 합니다. 케이블이 굵고 연결부가 튼튼해서 문제가 없었습니다.,0
,추천합니다.,0
,영상 출력됨 보조모니터 연결시 충전도 되고,0
,모니터 영상 전송 및 충전 잘 됩니다,0
,사용전입니다. 사용전입니다. 사용전입니다,0
,연결 잘된다. 추천한다.,0
,"SSD 인클로저에사용하려고 구입했는데, 정상 작동을 안해서 환불 하였습니다 빠른 환불되어 다행입니다.",0
,예전 맥북 썬더볼트2시절 쓰던 느낌나서 새롭네요,0
,범용성 최고,0
,쓸만해요,0
,좋은 좋은 좋은 좋은 좋은,0
,잘작동합니다 잘쓰겠습니다,0
,고속충전됨 오토바이 충전용으로 구입,0
,너무 좋네요. 또 구매하겠습니다.,0
,잘받았습니다 추천합니다 소형 DAC에 연결하여 음악 감상용 으로 좋네요.,0
,고속충전 초고속충전 둘다 잘됩니다. 내구성이 어떤지는 더 사용후 글올리도록하겠습니다,0
,잘 만든 제품,0
,제품에 마감이 좋습니다,0
,"가격 좋고, 배송 빠르고, 품질 좋고, 다 만족합니다.",0
,아주 잘 사용중입니다,0
,코인 할인으로 저렴하게 구입했습니다. 역대가로 구입한 기존 제품도 잘 사용중이라 추가 구매했습니다.,0
,저렴하게 잘구입했습니다.,0
,너무좋아요 너무좋아요 너무좋아요,0
,10일 주문에 15일 받았습니다. 작에 구매해 쓰고 만족해서 또 주문했어요,0
,초고속 충전 2.0 나오는거 확인했어요~ 이 가격에 충전기와 선까지 포함이라니 가성비 짱이네요! !,0
,배송도 빠르고 동작도 잘 합니다.,0
,모바일 휴대용 충전기로 아주 즇습니다 가성비도 갑,0
,빠른배송 고맙습니다,0
,역시나 배송 빠르고 제품 가격대비 훌륭합니다 꾸준하게 이용해야겠습니다,0
,2개 사고 너무 좋아서 여행용 가방에 넣어 놓으려고 또 구매 했네요,0
,맘에드네요 배송도 비교적빠른편,0
,배송 빨리 왔고 기존에 사용하던 모델이라 만족도 높습니디,0
,너무 좋아요 배송도 빠른편이예요,0
,17일 주문 20일 도착 배송도 빨랐고 제품 완성도도 좋고 가격대비 성능이 좋아요. ,0
,"C타입 2개 동시 연결하면 하나는 초고속 2.0, 하나는 고속충던으로 뜨네요...만족합니다.",0
,고속충전 잘 됩니다.,0
,빠르게 충전 잘 됩니다.,0
,그럭저럭싼마이,0
,성능 굳입키다,0
,잘 작동되고 충전도 잘 됩니다. 아직까지 이상없이 쓰고 있습니다.,0
,너무 좋아요 너무 좋아요,0
,좋은 제품입니다. A와 C모두 고속충전 됩니다.,0
,그 동안 충전기 중 가장 좋은 것 같습니다.,0
,충전 잘 되고 발열도 많이 없네요 잘 사용하겠습니다,0
,충전기는 역시 투키,0
,빠르고 잘더ㅣ네요,0
,대만족 굿,0
,가성비가 매우 좋은 제대로 된 PD/QC 충전기다.,0
,일반적인 노트북용 65와트가 아니라 67와트인 이유는 중국계열의 폰 제조사들이 67w충전을 제공하기 때문인 것 같다. ,0
,삼성 폰 2개를 꽂아도 전부 초고속충전이 뜬다.,0
,잘작동해요,0
,제품 쿼리티가 좋아요,0
,가성비가 너무 좋아서 적극적으로 추천합니다,0
,1년전에 구매한것이 고장나 다시 사내요. 성능은 맞습니다,0
,좋아요,0
,아주좋아요,0
,만족합니다추천합니다,0
,요즘 환률때문에 가격이 많이 올랐네요 그래도 국내스토어보다 살짝싸서 삽니다…,0
,몇개를 샀는지 모르겠음 개좋아요. 지인 취업하면 선물용으로 많이줌,0
,나쁘지 않다,0
,잘사용하고있습니다,0
,10400원에 한국형 고속 충전기를 구매할수있는 중국 대단하긴합니다....,0
,문제없이 잘 작동해요.,0
,이 가격에 이정도 어디가서 못산다 무조건 사라 노트북 스마트폰 테블릿 하나로 충전 가능,0
,"보통 65W 사면 정격 전압, 전류때문에 약간 오차가 발생할 수 있음",0
,55W로 제대로 나옴 나쁘지않음 겨우 만원(10달러)로 55W면 매우 좋음,0
,좋아요 잘 사용하고 있습니다 고장나면 또 재구매 할게요,0
,세개째 구매함,0
,67w로 제대로 동작합니다,0
,믿고 쓰는 토끼,0
,코드가 얇아서 흔들림. 그것만 조심하면 충전은 잘됨,0
,이게 만원이라니. 더사야겠네요.,0
,저렴한가격에 질좋은제품 빠른배송 굿~,0
,가성비 좋내요.,0
,좋아요 .. 여행용,0
,스마트폰 충전해보니 초고속으로 충전되네요!,0
,충전기랑 충전선은 항상 이 메이커 제품만 구매하게 되네요.,0
,퀄리티 적당하고 만족합니다,0
,저렴하게 바꿨네요..,0
,충전 잘 되고 투키 상품들이 가성비가 좋아서 구매하였습니다 ,0
,일요일에 주문했는데 수요일에 도착했습니다,0
,너무 좋아요~~~~,0
,가성비 킹왕짱 💙,0
,충전잘됩니다. 저렴한 가격에 잘 집어온듯해요.,0
,싸게 잘산거 같습니다. 잘 사용하겠습니다. 감사합니다.,0
,잘작동하고 만족합니다~~,0
,작고 속도 잘 나옵니다,0
,빠른 배송과 초고속 충전 잘되네요. toocki는 믿고 삽니다.,0
,지정된 날짜보다 더 빨리 배송이 완료되었습니다 포장도 잘되어있구요,0
,제품의 마감처리도 나쁘지 않습니다,0
,제품설명대로 출정속도가 잘나와서 만족스럽습니다,0
,좋은제품 저렴하게 잘사서 만족합니다~,0
,배송빠르고 제품도 좋아요,0
,기대 안했는데 써보니 정말 충전도 빠르고 좋습니다,0
,접지없는대신 만원초반대 다른 팔천원짜리보다 컴팩트함,0
,가성비 짱 충전잘되고 매우만족합니다,0
,좋아여~,0
,배송 빠르고 품질 좋아요,0
,Toocki 제품은 확인된 제품이라 괜찮아요. ,0
,"기존에도 사용했던 제품이라 믿고 구매했고, 잘사용하고 있습니다.",0
,잘 작동됩니다 노트북 충전도 빠르네요,0
,"제품 박스는 구겨져서 왔지만, 사용하는대는 문제 없는 듯",0
,충전 속도 잘나옵니다.,0
,"크기도 크기 않고, 믿고 구입하는 toocki 제품!",0
,싸게 잘 샀습니다,0
,"배송 빠르고, 제품 가성비 만족합니다.",0
,좋아요 매우,0
,"추가 구매, 좋아요.",0
,좋아요~~,0
,배송이 빠르네요 굿,0
,믿고쓰는 투키,0
,흰색 충전기에 흰색 케이블은 안되는거냐?? 알리야??,0
,와... 갓성비인데? 일단 S25 Ultra 45W 가능 Poco f5 67W 안됨 Redmi Turbo 12 67W 안됨,0
,묵직하니 좋와보입니다 저렴히 잘 샀습니다 추천합니다,0
,이건 불만없음,0
,잘 도착했습니다. 충전도 잘되고 좋네요.,0
,가격대비 매우 훌륭합니다,0
,넘 좋아요,0
,투키는 진리입니다.,0
,잘 도착했고 잘 쓰겠습니다.,0
,충전 잘됩니다 좋네요,0
,잘 받았습니다 제품은 좋습니다,0
,배송은 조금 걸립니다. 제품 쿼리티는 나쁘지않습니다. 작고 잘 동작하여 좋습니다.,0
,노트북 충전용으로 구입했습니다. 제품 추천합니다. ,0
,가성비 좋습니다,0
,충전 잘됩니다 !,0
,저렴하게 잘샀어요 배송도 빠르고 좋아요,0
,충전 잘되고 좋아요,0
,배송 빨랐구요 충전기 아주좋습니다 두개샀는데 만족합니다. 급속충전 아주잘 됩니다.,0
,접지없는대신 만원초반대 다른 팔천원짜리보다 컴팩트함 검은색이라 600원 더 받음,0
,싸게 구매해서 좋습니다,0
,세 포트 모두 잘 작동 되네요. 내구성을 지금 평 할 수는 없지만 우선 만족스럽습니다.,0
,17일 주문 20일 도착 배송도 빨랐고 제품 완성도도 좋고 가격대비 성능이 좋아요.,0
,"C타입 2개 동시 연결하면 하나는 초고속 2.0, 하나는 고속충던으로 뜨네요...만족합니다.",0
,레노버 노트북 충전용으로도 동작 잘 합니다. 한국 콘센트 잘 맞고요,0
,투키 중에서도 이게 ㄹㅇ 고트입니다 접지형이니 뭐니 그냥 이걸로 사세요,0
,크기도 작고 발열만 쬐끔 있는거 빼면 궁금하기 분해영상 봐도 가성비 넘사입니다,0
,천원마트에서 케이블 2개에 이거 하나 국밥이에요,0
,이상한 듣보잡브랜드라던가 유그린 베이스어스 살바엔 이거 2개 3개 사는게 정신건강에 좋습니다,0
,하나는 초고속 두개 이상연결 부터는 고속충전입니다.,0
,초고속충전 완전 잘됨!!,0
,알리산 충전기중 그나마 신뢰도가 높은 투키 자주 구매해서 주변에 나눠줍니다,0
,2월25일주문하고3월1일받았으니 5일걸렸습니다 배송 진짜빠름,0
,투키충전기 지금까지 한열대 넘게샀는데 전부 고장안나고 잘됨,0
,배송빠르고 품질도 좋아요. 추천합니다.,0
,잘작동합니다,0
,쓸만합니다,0
,출력테스트는 못했지만 브랜드 신뢰해서 구매 마감도 좋고,0
,쓰던충전기가 고장나서 천원마트에 보이길래 구매했네요 충전잘되고 좋아요,0
,잘 받았습니다,0
,가성비 짱짱,0
,퓸질 좋고 성능 좋음. Toocki 제품들은 아직까지 품질로 인한 문제가 없어 믿고 구입하고 있음.,0
,잘받았습니다 믿고쓰는 투부키라고 해서 주문했습니다,0
,과연 얼마나 갈찌 급속충전은 잘되는지 시험하고 싶은데 핸드폰 매인보드가 망가져서 급속충전을 못읽어요ㅠㅠ 잘받았습니다,0
,국내 모 유투버가 추천한 화재위험 없고 충전 잘되는 놈이라케서 2개 구매 완벽하다,0
,좋아요. 고속 충전도 잘되고. 추천합니다.좋아요.,0
,가성비도 마감도 괜찮네요,0
,좋어여ㅎㅎㅎㅎㅎㅎㅎㅎㅎㅎㅎㅎㅎㅎㅎㅎㅎㅎㅎㅎㅎㅎㅎㅎㅎㅎㅎㅎㅎㅎㅎㅎㅎㅎㅎㅎㅎㅎㅎㅎㅎㅎㅎㅎㅎㅎㅎㅎ,0
,저렴하게 잘 구매 했습니다 저렴하게 잘 구매 했습니다,0
,싸게 잘 샀어요,0
,일단 포함된 충전기는 초고속인듯,0
,잘됩니다 가성비 좋습니다,0
,제품이 빨리왔네요.,0
,한국 콘센트 플러그 가 아주 딱 맞습니다.,0
,s20+ 쓰는데 초고속충전이 되세요 wow~~!!!!!,0
,"택배 받자마자 언박싱해서 충전을 시작했더니, 초고속 충전이란 문자 뜨며 충전됩니다.",0
,제품이 빨리왔네요. 한국 콘센트 플러그 가 아주 딱 맞습니다. ,0
,잘받았습니다 감사합니다 ,0
,잘받았습니다 감사합니다,0
,충전 잘 되네요 색상도 이쁘네요,0
,한국 콘센트 맞음 좋음,0
,가격대비 훌륭해요 배송도빠르고 좋아요 조아요,0
,갤럭시 시리즈 초고속 충전이 되고 LG시리즈는 고속 충전으로만 뜨는것을 확인하였습니다.,0
,만족합니다 만족합니다 만족합니다 만족합니다 만족합니다,0
,좋습니다 고속충전 FAST SAVE,0
,초급속 굳,0
,적당히 잘 쓰고있음,0
,잘받았습니다.. 고맙습니다..,0
,초급속은 안대지만 고속가능 릴3.0고속가능,0
,가격대비 만족합니다.,0
,사용후후기남기겠습니다.,0
,최고입니다,0
,잘받았습니다 감사합니다 ,0
,잘받았습니다.. 고맙습니다..,0
,적당히 잘쓰고있음,0
,충전잘돠고 종아요.!!,0
,고속충전 잘 되요~,0
,아주 만족스럽고 좋아요 굿,0
,좋아요. 테스트는 아직입니다.,0
,초고속충전잘됨,0
,배송도 빠르고 가성비가 너무 좋아요~,0
,파스텔색상이 좋네요,0
,아주 만족스럽고 좋아요 굿,0
,초고속충전 잘됨 강추~,0
,충전도 빠르고 색깔도 맘에 들어요,0
,벌써 3번째 구매 좋아요 초고속충전됨,0
,"이 충전기는 정말 만족스럽습니다. 디자인이 세련되고, 크기도 적당해 휴대하기 편리합니다.",0
,충전 잘되고 좋습니다,0
,굳 발열 약간 있음,0
,고속충전 뜸 내구성 약할것으로 판단…,0
,배송이 좀 늦었습니다만 안전하게 도착했습니다. 충전은 빠릅니다. 전원 콘센트에 잘 맞습니다.,0
,아주 좋아요.ㅋ,0
,잘됨 이가격에 애주 훌륭 초고속도 잘되거 좋음좋음좋음좋음 좋음좋음 좋음좋음좋음좋음 좋음좋음 좋음좋음좋음좋음 좋음좋음,0
,한국형 코드라서 잘 맞습니다. 헐겁지 않습니다. 케이블보 싸구려 같아 보이지 않은데... 아답터에 아무런 표시도 없어서 출력 등 정보 확인 불가하지만 충전은 잘 잘되네요.,0
,초고속 충전 잘됩니다. 개당 2천원씩 주고삼 (선없는것/화이트),0
